,wban,dewpt,tavg,wp,long,lat,stname,ststate
0,03013,53.4,80.1,168.3,-102.688,38.070,LAMAR,CO
1,03016,41.6,73.8,117.2,-107.726,39.526,RIFLE,CO
2,03017,43.1,77.6,104.2,-104.658,39.833,DENVER,CO
3,03024,57.8,80.3,209.0,-101.394,35.700,BORGER,TX
4,03026,52.6,76.6,190.5,-102.284,39.245,BURLINGTON,CO
5,03027,50.4,68.3,249.1,-105.663,35.003,CLINES CORNERS,NM
6,03028,53.7,77.8,190.5,-102.614,37.283,SPRINGFIELD,CO
7,03029,48.0,69.0,214.0,-109.061,35.658,WINDOW ROCK,AZ
8,03030,59.4,79.4,234.9,-101.505,36.682,GUYMON,OK
9,03031,60.4,81.6,223.8,-102.387,31.921,ODESSA,TX
10,03032,63.6,81.5,260.8,-102.213,30.048,DRYDEN,TX
11,03068,46.2,71.5,172.7,-104.300,38.767,BULLSEYE,CO
12,03102,57.9,79.0,222.6,-117.600,34.056,ONTARIO,CA
13,03103,47.5,67.5,223.8,-111.672,35.140,FLAGSTAFF,AZ
14,03104,57.7,93.2,112.3,-116.160,33.628,PALM SPRINGS,CA
15,03124,58.2,76.6,250.3,-110.344,31.588,FORT HUACHUCA/SIERRA VISTA,AZ
16,03131,59.2,70.8,335.4,-117.139,32.816,SAN DIEGO,CA
17,03144,60.5,93.6,129.5,-115.579,32.834,IMPERIAL,CA
18,03145,60.4,94.2,125.2,-114.617,32.650,YUMA,AZ
19,03154,60.6,69.2,380.4,-117.350,33.300,CAMP PENDLETON,CA
20,03159,43.4,84.6,69.1,-118.219,34.741,LANCASTER,CA
21,03160,36.8,86.4,29.7,-116.028,36.621,MERCURY,NV
22,03162,43.4,84.8,67.9,-111.448,36.926,PAGE,AZ
23,03164,49.5,73.8,185.0,-116.467,32.617,CAMPO,CA
24,03166,59.6,75.0,286.1,-117.979,33.872,FULLERTON,CA
25,03167,60.2,71.1,345.9,-118.334,33.923,HAWTHORNE,CA
26,03170,26.8,70.9,42.0,-116.006,39.601,EUREKA,NV
27,03177,60.5,68.1,396.4,-117.279,33.128,CARLSBAD,CA
28,03178,59.4,70.7,339.7,-116.979,32.572,SAN DIEGO,CA
29,03179,58.0,77.1,242.9,-117.636,33.975,CHINO,CA
30,03184,55.8,92.4,104.2,-112.082,33.688,PHOENIX,AZ
31,03192,57.3,93.1,109.8,-111.911,33.623,SCOTTSDALE,AZ
32,03195,44.9,73.5,145.5,-112.155,35.946,GRAND CANYON,AZ
33,03196,62.2,77.7,286.7,-110.846,31.421,NOGALES,AZ
34,03749,60.6,73.8,314.4,-77.468,39.645,CAMP DAVID,MD
35,03757,65.6,77.3,338.5,-76.429,38.142,ST INIGOES,MD
36,03802,62.1,72.1,360.0,-80.229,39.296,CLARKSBURG,WV
37,03810,64.4,76.9,326.8,-81.390,35.741,HICKORY,NC
38,03812,60.7,72.9,328.0,-82.538,35.432,ASHEVILLE,NC
39,03813,68.4,81.2,325.5,-83.654,32.688,MACON,GA
40,03816,66.1,78.9,323.7,-88.774,37.056,PADUCAH,KY
41,03818,70.3,82.3,337.2,-85.184,30.836,MARIANNA,FL
42,03820,67.9,81.1,320.0,-81.965,33.370,AUGUSTA,GA
43,03822,71.1,82.3,349.0,-81.202,32.119,SAVANNAH,GA
44,03847,62.9,74.7,334.8,-85.085,35.951,CROSSVILLE,TN
45,03849,62.6,75.4,321.2,-84.077,37.087,LONDON,KY
46,03853,71.3,81.8,358.8,-81.417,30.400,MAYPORT,FL
47,03855,72.1,81.8,370.5,-87.317,30.350,PENSACOLA,FL
48,03856,66.6,80.8,306.4,-86.786,34.644,HUNTSVILLE,AL
49,03859,58.5,72.8,298.4,-81.208,37.296,BLUEFIELD,WV
50,03860,63.0,74.2,343.4,-82.555,38.382,HUNTINGTON,WV
51,03866,68.2,81.5,318.7,-88.567,32.550,MERIDIAN,MS
52,03868,63.9,74.3,355.1,-87.309,39.452,TERRE HAUTE,IN
53,03870,62.9,80.5,263.3,-82.219,34.899,GREER,SC
54,03872,58.9,68.9,358.2,-81.125,37.795,BECKLEY,WV
55,03878,68.5,80.7,333.5,-86.012,31.861,TROY,AL
56,03882,72.3,82.2,368.1,-85.683,30.212,PANAMA CITY,FL
57,03887,65.6,74.2,383.5,-88.866,39.984,DECATUR,IL
58,03888,66.8,79.0,332.3,-84.521,33.779,ATLANTA,GA
59,03889,62.4,73.9,339.1,-83.314,37.591,JACKSON,KY
60,03893,64.1,73.2,374.8,-86.617,39.144,BLOOMINGTON,IN
61,03894,67.1,78.0,350.2,-87.415,36.622,CLARKSVILLE,TN
62,03901,66.5,84.0,267.6,-94.711,32.385,LONGVIEW,TX
63,03902,72.7,86.3,318.1,-97.822,31.070,FORT HOOD/KILLEEN,TX
64,03904,68.5,85.7,272.5,-96.364,30.588,COLLEGE STATION,TX
65,03919,63.8,80.4,275.6,-97.661,38.813,SALINA,KS
66,03927,64.7,89.0,199.2,-97.041,32.896,DALLAS-FORT WORTH,TX
67,03928,65.7,80.2,302.1,-97.429,37.647,WICHITA,KS
68,03931,68.5,84.0,292.2,-93.192,31.045,FORT POLK,LA
69,03932,61.3,83.9,210.9,-99.200,35.340,CLINTON,OK
70,03935,68.0,78.2,360.7,-89.571,37.225,CAPE GIRARDEAU,MO
71,03936,66.7,78.8,333.5,-96.678,39.135,MANHATTAN,KS
72,03937,73.1,83.0,368.7,-93.228,30.125,LAKE CHARLES,LA
73,03940,68.1,83.0,299.0,-90.078,32.320,JACKSON,MS
74,03945,67.4,76.4,378.5,-92.218,38.817,COLUMBIA,MO
75,03947,67.1,77.2,361.9,-94.718,39.299,KANSAS CITY,MO
76,03949,67.7,83.7,285.5,-93.283,31.400,FORT POLK,LA
77,03950,64.0,84.8,230.6,-98.416,34.568,LAWTON,OK
78,03953,69.1,81.8,327.4,-90.646,35.831,JONESBORO,AR
79,03954,64.5,83.8,246.6,-97.647,35.534,OKLAHOMA CITY,OK
80,03957,63.6,81.1,265.1,-98.553,37.284,MEDICINE LODGE,KS
81,03960,66.3,77.4,347.1,-90.157,38.571,CAHOKIA/ST.LOUIS,IL
82,03962,66.1,83.7,265.7,-93.096,34.478,HOT SPRINGS,AR
83,03963,68.0,78.1,362.5,-92.156,38.591,JEFFERSON CITY,MO
84,03965,66.8,82.9,283.6,-97.086,36.160,STILLWATER,OK
85,03966,65.9,77.8,336.0,-90.656,38.657,ST LOUIS,MO
86,03967,67.0,77.5,355.7,-94.739,38.850,OLATHE,KS
87,03971,64.8,87.3,215.2,-96.868,32.681,DALLAS,TX
88,03974,66.1,79.6,315.0,-97.219,37.750,WICHITA,KS
89,03975,68.8,79.3,357.0,-90.325,36.773,POPLAR BLUFF,MO
90,03981,62.1,85.1,208.4,-98.984,34.352,FREDERICK,OK
91,03991,64.9,86.0,228.8,-97.199,33.206,DENTON,TX
92,03994,67.9,77.1,375.5,-93.183,38.704,SEDALIA,MO
93,03996,69.8,82.6,326.8,-91.030,32.348,TALLULAH/VICKSBURG,MS
94,03997,67.1,78.2,347.7,-95.212,39.008,LAWRENCE,KS
95,03998,68.1,79.7,341.6,-95.504,37.328,PARSONS,KS
96,03999,65.0,83.9,250.9,-98.235,30.741,BURNET,TX
97,04109,50.9,72.1,214.6,-115.596,46.144,ELK CITY,ID
98,04110,41.2,73.8,114.1,-114.456,42.727,JEROME,ID
99,04111,31.9,68.5,81.4,-111.031,41.273,EVANSTON,WY
100,04112,32.4,57.3,162.8,-114.927,44.171,STANLEY,ID
101,04113,43.6,73.8,132.6,-119.261,45.826,HERMISTON,OR
102,04114,33.2,69.4,85.1,-114.215,41.523,CHALLIS,ID
103,04134,33.3,81.7,30.9,-113.351,40.161,DUGWAY PROVING GROUND,UT
104,04201,50.8,67.5,263.3,-122.861,45.773,SCAPPOOSE,OR
105,04724,61.2,70.9,363.7,-78.945,43.107,NIAGARA FALLS,NY
106,04725,60.0,69.9,360.0,-75.981,42.208,BINGHAMTON,NY
107,04726,57.6,69.5,329.8,-78.834,40.301,JOHNSTOWN,PA
108,04751,56.7,64.9,384.7,-78.640,41.803,BRADFORD,PA
109,04780,62.0,73.6,337.2,-71.756,42.552,FITCHBURG,MA
110,04781,64.4,75.9,340.3,-73.102,40.794,ISLIP,NY
111,04787,60.4,68.7,385.3,-78.899,41.178,DU BOIS,PA
112,04789,62.8,73.9,344.6,-74.265,41.509,MONTGOMERY,NY
113,04803,56.3,67.1,344.6,-89.465,45.631,RHINELANDER,WI
114,04804,60.4,73.2,319.4,-83.078,40.078,COLUMBUS,OH
115,04808,63.0,71.8,378.5,-88.481,41.770,CHICAGO/AURORA,IL
116,04826,58.9,70.1,340.3,-89.837,44.359,WISCONSIN RAPIDS,WI
117,04836,58.4,66.3,390.3,-68.307,47.286,FRENCHVILLE,ME
118,04838,60.9,73.0,329.2,-87.905,42.121,CHICAGO/PROSPECT HGTS/WHEELI,IL
119,04839,60.2,71.0,347.1,-86.097,42.746,HOLLAND,MI
120,04840,60.0,71.4,338.5,-88.486,43.770,FOND DU LAC,WI
121,04841,60.2,68.7,381.6,-87.851,43.769,SHEBOYGAN,WI
122,04842,62.4,71.7,370.5,-81.887,40.875,WOOSTER,OH
123,04843,59.8,70.7,345.3,-80.215,41.626,MEADVILLE,PA
124,04845,60.8,70.3,366.8,-87.938,42.595,KENOSHA,WI
125,04846,61.7,73.2,338.5,-87.006,41.453,VALPARAISO,IN
126,04847,59.9,71.1,341.6,-84.079,41.868,ADRIAN,MI
127,04848,59.6,74.8,288.5,-83.476,41.563,TOLEDO,OH
128,04849,60.5,72.3,333.5,-82.179,41.179,LORAIN/ELYRIA,OH
129,04850,61.4,78.8,264.5,-84.027,40.708,LIMA,OH
130,04851,61.3,71.8,352.0,-84.429,41.338,DEFIANCE,OH
131,04852,61.7,73.5,334.2,-81.420,40.470,NEW PHILADELPHIA,OH
132,04853,61.9,75.5,310.1,-81.684,41.518,CLEVELAND,OH
133,04854,55.3,66.3,340.9,-84.701,45.013,GAYLORD,MI
134,04855,60.3,72.9,322.4,-83.064,40.616,MARION,OH
135,04857,61.4,71.9,352.0,-80.696,41.778,ASHTABULA,OH
136,04858,62.4,71.4,375.5,-82.463,40.023,NEWARK,OH
140,12812,72.5,82.0,373.6,-81.991,26.917,PUNTA GORDA,FL
141,12815,70.0,81.4,345.3,-81.325,28.434,ORLANDO,FL
142,12816,70.8,80.5,369.9,-82.272,29.690,GAINESVILLE,FL
143,12818,70.9,80.0,378.5,-82.454,28.474,BROOKSVILLE,FL
144,12819,71.0,82.1,350.2,-81.810,28.821,LEESBURG,FL
145,12832,72.6,82.2,372.4,-85.033,29.733,APALACHICOLA,FL
146,12833,71.7,81.1,374.8,-83.105,29.550,CROSS CITY,FL
147,12834,70.9,81.0,364.4,-81.060,29.177,DAYTONA BEACH,FL
148,12835,71.2,82.5,347.7,-81.864,26.586,FORT MYERS,FL
149,12836,73.6,84.5,354.5,-81.754,24.553,KEY WEST,FL
150,12838,71.9,80.3,389.6,-80.646,28.103,MELBOURNE,FL
151,12839,72.5,83.0,359.4,-80.300,25.824,MIAMI,FL
152,12841,70.3,82.4,336.0,-81.333,28.545,ORLANDO,FL
153,12842,71.9,81.9,366.2,-82.540,27.961,TAMPA,FL
154,12843,72.6,80.7,394.6,-80.418,27.656,VERO BEACH,FL
155,12844,71.5,81.6,364.4,-80.099,26.685,WEST PALM BEACH,FL
156,12849,71.0,83.4,332.9,-80.154,26.072,FORT LAUDERDALE,FL
157,12850,74.3,84.9,359.4,-81.683,24.583,KEY WEST,FL
158,12854,70.3,83.0,328.0,-81.244,28.780,ORLANDO,FL
159,12871,71.9,81.8,367.4,-82.559,27.401,SARASOTA/BRADENTON,FL
160,12873,72.9,82.2,377.3,-82.688,27.911,ST PETERSBURG/CLEARWATER,FL
161,12876,71.1,82.5,345.9,-81.754,28.062,WINTER HAVEN,FL
162,12882,73.0,82.4,375.5,-80.280,25.907,MIAMI,FL
163,12884,74.2,84.1,369.3,-89.408,29.350,BOOTHVILLE,LA
164,12885,71.8,82.3,358.8,-80.171,26.197,FORT LAUDERDALE,FL
165,12888,73.6,81.1,404.4,-80.433,25.648,MIAMI,FL
166,12894,71.8,81.5,370.5,-81.755,26.536,FORT MYERS,FL
167,12895,72.1,81.0,382.2,-80.377,27.498,FORT PIERCE,FL
168,12896,73.6,85.3,344.0,-81.052,24.726,MARATHON,FL
169,12897,73.1,81.2,395.2,-81.775,26.153,NAPLES,FL
170,12912,71.5,83.5,338.5,-96.930,28.863,VICTORIA,TX
171,12916,73.5,83.8,363.1,-90.251,29.993,NEW ORLEANS,LA
172,12917,72.6,83.2,358.2,-94.021,29.951,BEAUMONT/PORT ARTHUR,TX
173,12918,71.8,84.1,334.8,-95.279,29.645,HOUSTON,TX
174,12919,74.2,82.6,390.9,-97.426,25.906,BROWNSVILLE,TX
175,12921,68.3,86.0,267.0,-98.464,29.533,SAN ANTONIO,TX
176,12923,74.0,84.7,357.6,-94.860,29.265,GALVESTON,TX
177,12924,74.5,81.3,416.1,-97.513,27.773,CORPUS CHRISTI,TX
178,12926,74.3,82.1,400.1,-97.283,27.700,CORPUS CHRISTI,TX
179,12928,72.8,82.6,369.9,-97.817,27.500,KINGSVILLE,TX
180,12932,71.8,84.4,330.5,-98.027,27.741,ALICE,TX
181,12935,73.6,83.4,369.9,-96.251,28.728,PALACIOS,TX
182,12947,70.0,84.0,311.4,-99.220,28.458,COTULLA,TX
183,12958,73.0,82.1,379.8,-90.033,29.833,NEW ORLEANS,LA
184,12959,72.4,83.9,345.9,-98.238,26.175,MC ALLEN,TX
185,12960,70.1,84.9,301.5,-95.364,29.993,HOUSTON,TX
186,12970,67.7,84.0,281.8,-98.471,29.337,SAN ANTONIO,TX
187,12971,68.7,84.3,291.0,-98.045,29.709,NEW BRAUNFELS,TX
188,12972,74.7,83.7,382.2,-97.046,28.084,ROCKPORT,TX
189,12975,71.6,83.3,342.2,-95.240,29.521,HOUSTON,TX
190,12976,72.8,82.7,368.1,-95.462,29.110,ANGLETON/LAKE JACKSON,TX
191,12977,71.3,84.3,324.9,-95.656,29.622,HOUSTON,TX
192,13721,66.3,77.4,347.1,-76.400,38.283,PATUXENT RIVER,MD
193,13722,67.0,79.0,335.4,-78.786,35.871,RALEIGH/DURHAM,NC
194,13723,62.6,78.3,284.8,-79.944,36.098,GREENSBORO,NC
195,13728,65.1,77.9,323.1,-79.336,36.573,DANVILLE,VA
196,13733,62.8,75.7,320.0,-79.207,37.338,LYNCHBURG,VA
197,13734,64.3,75.0,351.4,-77.984,39.402,MARTINSBURG,WV
198,13735,65.7,79.0,316.9,-75.078,39.366,MILLVILLE,NJ
199,13736,60.8,72.5,334.8,-79.916,39.643,MORGANTOWN,WV
200,13737,68.1,79.0,350.8,-76.192,36.904,NORFOLK,VA
201,13739,63.7,79.3,286.7,-75.231,39.868,PHILADELPHIA,PA
202,13740,65.3,79.1,310.1,-77.323,37.511,RICHMOND,VA
203,13741,61.6,76.1,298.4,-79.974,37.317,ROANOKE,VA
204,13743,65.0,80.8,285.5,-77.034,38.865,WASHINGTON,DC
205,13748,70.5,80.4,366.8,-77.906,34.268,WILMINGTON,NC
206,13750,64.7,81.5,273.8,-76.283,36.933,NORFOLK,VA
207,13752,67.4,75.9,385.9,-76.483,38.991,ANNAPOLIS,MD
208,13754,70.4,78.6,392.1,-76.883,34.900,CHERRY POINT,NC
209,13764,66.2,78.0,337.2,-75.359,38.689,GEORGETOWN,DE
210,13769,66.7,78.0,344.6,-76.033,36.817,OCEANA,VA
211,13776,69.0,80.0,350.2,-79.059,34.610,LUMBERTON,NC
212,13781,64.9,78.1,317.5,-75.601,39.673,WILMINGTON,DE
213,13786,68.3,77.9,369.9,-76.175,36.261,ELIZABETH CITY,NC
214,13809,64.6,76.9,329.2,-87.606,38.764,LAWRENCEVILLE,IL
215,13810,64.2,77.7,313.2,-85.664,38.228,LOUISVILLE,KY
216,13833,69.4,83.6,308.3,-89.253,31.265,HATTIESBURG,MS
217,13837,66.3,82.6,281.1,-82.039,33.467,AUGUSTA,GA
218,13838,71.5,82.4,353.3,-88.068,30.626,MOBILE,AL
219,13839,69.6,82.9,320.0,-85.450,31.321,DOTHAN,AL
220,13841,61.2,73.3,329.8,-83.822,39.420,WILMINGTON,OH
221,13865,69.3,81.0,340.9,-88.751,32.333,MERIDIAN,MS
222,13869,68.7,83.0,306.4,-84.194,31.536,ALBANY,GA
223,13870,69.0,81.9,324.9,-82.507,31.536,ALMA,GA
224,13871,68.0,79.7,339.7,-85.858,33.588,ANNISTON,AL
225,13873,65.5,80.4,296.6,-83.327,33.948,ATHENS,GA
226,13874,64.7,79.9,292.9,-84.427,33.640,ATLANTA,GA
227,13876,65.9,81.6,287.3,-86.754,33.564,BIRMINGHAM,AL
228,13877,61.4,73.9,324.3,-82.399,36.480,BRISTOL/JHNSN CTY/KNGSPRT,TN
229,13878,72.2,81.1,382.2,-81.391,31.252,BRUNSWICK,GA
230,13880,70.6,81.2,357.0,-80.041,32.899,CHARLESTON,SC
231,13881,64.9,78.5,312.6,-80.944,35.214,CHARLOTTE,NC
232,13882,65.4,79.8,302.7,-85.200,35.033,CHATTANOOGA,TN
233,13883,66.7,81.1,304.0,-81.118,33.942,COLUMBIA,SC
234,13886,62.4,82.1,240.5,-82.346,34.846,GREENVILLE,SC
235,13889,71.7,80.5,383.5,-81.693,30.494,JACKSONVILLE,FL
236,13891,64.0,77.9,308.3,-83.986,35.818,KNOXVILLE,TN
237,13893,68.4,83.4,297.8,-89.985,35.061,MEMPHIS,TN
238,13894,70.2,81.7,344.0,-88.246,30.688,MOBILE,AL
239,13895,68.8,82.1,319.4,-86.394,32.301,MONTGOMERY,AL
240,13896,65.6,81.2,288.5,-87.610,34.745,MUSCLE SHOALS,AL
241,13897,64.9,79.6,299.0,-86.689,36.119,NASHVILLE,TN
242,13899,72.8,84.2,347.1,-87.188,30.473,PENSACOLA,FL
243,13904,67.0,83.6,278.1,-97.681,30.179,AUSTIN/BERGSTROM,TX
244,13920,66.9,78.0,347.7,-95.664,38.950,TOPEKA,KS
245,13927,68.0,84.5,279.9,-90.223,32.335,JACKSON,MS
246,13932,66.0,81.2,293.5,-97.037,37.168,WINFIELD/ARKANSAS CITY,KS
247,13935,69.1,83.2,309.5,-92.296,31.395,ALEXANDRIA,LA
248,13939,69.9,84.0,310.1,-90.986,33.483,GREENVILLE,MS
249,13942,68.5,83.9,293.5,-92.038,32.511,MONROE,LA
250,13957,67.9,84.2,282.4,-93.824,32.447,SHREVEPORT,LA
251,13958,67.0,86.6,245.4,-97.767,30.317,AUSTIN/CITY,TX
252,13959,65.0,86.3,226.9,-97.229,31.611,WACO,TX
253,13960,64.9,88.0,209.6,-96.851,32.847,DALLAS,TX
254,13961,63.8,86.6,211.5,-97.361,32.819,FORT WORTH,TX
255,13962,60.9,83.4,211.5,-99.682,32.411,ABILENE,TX
256,13963,69.2,83.4,308.3,-92.233,34.747,LITTLE ROCK,AR
257,13964,68.1,83.3,295.3,-94.365,35.334,FORT SMITH,AR
258,13966,62.9,86.7,201.6,-98.493,33.979,WICHITA FALLS,TX
259,13968,66.9,83.7,275.6,-95.886,36.198,TULSA,OK
260,13969,66.6,81.8,294.1,-97.100,36.731,PONCA CITY,OK
261,13970,71.6,84.1,331.7,-91.147,30.537,BATON ROUGE,LA
262,13971,68.2,77.6,373.0,-93.155,36.261,HARRISON,AR
263,13972,65.9,84.5,255.3,-95.402,32.354,TYLER,TX
264,13973,60.7,83.0,213.3,-99.766,30.511,JUNCTION,TX
265,13975,61.5,80.7,244.8,-99.775,36.297,GAGE,OK
266,13976,71.6,83.2,344.0,-91.988,30.205,LAFAYETTE,LA
267,13977,66.9,83.6,276.8,-94.008,33.454,TEXARKANA,AR
268,13978,69.6,81.6,337.2,-90.084,33.496,GREENWOOD,MS
269,13981,67.5,79.1,340.9,-95.484,37.670,CHANUTE,KS
270,13984,66.1,77.6,341.6,-97.652,39.549,CONCORDIA,KS
271,13985,58.3,80.1,215.8,-99.970,37.773,DODGE CITY,KS
272,13986,64.0,79.3,291.0,-97.861,38.068,HUTCHINSON,KS
273,13987,67.2,80.5,318.1,-94.498,37.149,JOPLIN,MO
274,13988,66.3,79.5,318.7,-94.593,39.123,KANSAS CITY,MO
275,13989,66.9,77.4,355.7,-96.190,38.331,EMPORIA,KS
276,13993,67.4,76.5,376.7,-94.907,39.774,ST JOSEPH,MO
277,13994,65.5,79.3,310.7,-90.374,38.753,ST LOUIS,MO
278,13995,67.4,82.2,299.6,-93.390,37.240,SPRINGFIELD,MO
279,13996,66.8,78.9,333.5,-95.626,39.073,TOPEKA,KS
280,13997,66.5,76.5,363.1,-91.769,38.128,ROLLA/VICHY,MO
281,14605,61.6,71.3,364.4,-69.797,44.321,AUGUSTA,ME
282,14606,61.5,71.0,367.4,-68.824,44.808,BANGOR,ME
283,14607,59.5,67.6,387.8,-68.033,46.867,CARIBOU,ME
284,14609,60.3,67.4,404.4,-67.792,46.123,HOULTON,ME
285,14610,59.5,69.9,352.7,-68.686,45.648,MILLINOCKET,ME
286,14611,60.7,70.4,363.7,-69.933,43.900,BRUNSWICK,ME
287,14702,63.3,73.3,360.7,-71.289,42.470,BEDFORD,MA
288,14707,66.0,72.6,415.5,-72.049,41.328,GROTON NEW LONDON,CT
289,14710,62.7,73.9,343.4,-71.438,42.933,MANCHESTER,NH
290,14711,64.9,76.9,333.5,-76.763,40.194,HARRISBURG,PA
291,14712,63.7,76.3,324.9,-75.959,40.373,READING,PA
292,14719,63.9,72.8,377.9,-72.632,40.844,WESTHAMPTON BEACH,NY
293,14732,62.1,80.0,259.6,-73.881,40.779,NEW YORK,NY
294,14734,61.5,78.7,266.4,-74.169,40.716,NEWARK,NJ
295,14735,62.5,73.5,345.9,-73.803,42.748,ALBANY,NY
296,14736,61.7,71.2,367.4,-78.317,40.300,ALTOONA,PA
297,14737,63.4,74.6,343.4,-75.449,40.651,ALLENTOWN,PA
298,14739,63.1,75.0,333.5,-71.011,42.361,BOSTON,MA
299,14740,63.2,75.6,326.8,-72.683,41.938,WINDSOR LOCKS,CT
300,14742,60.3,70.8,351.4,-73.150,44.468,BURLINGTON,VT
301,14745,61.6,71.1,367.4,-71.501,43.195,CONCORD,NH
302,14747,61.4,71.5,358.2,-79.272,42.493,DUNKIRK,NY
303,14750,62.1,69.5,400.1,-73.610,43.341,GLENS FALLS,NY
304,14751,63.4,75.8,327.4,-76.851,40.217,HARRISBURG,PA
305,14752,63.7,75.8,331.7,-72.651,41.736,HARTFORD,CT
306,14753,62.5,74.2,336.0,-71.115,42.212,MILTON,MA
307,14756,65.5,70.6,440.8,-70.061,41.253,NANTUCKET,MA
308,14757,64.0,74.3,357.0,-73.884,41.627,POUGHKEEPSIE,NY
309,14758,65.6,75.9,358.2,-72.887,41.264,NEW HAVEN,CT
310,14762,60.9,72.7,333.5,-79.922,40.355,PITTSBURGH,PA
311,14763,61.6,70.9,370.5,-73.289,42.427,PITTSFIELD,MA
312,14764,62.2,70.7,382.9,-70.304,43.642,PORTLAND,ME
313,14765,63.8,76.4,324.9,-71.433,41.722,PROVIDENCE,RI
314,14768,59.8,72.0,327.4,-77.677,43.117,ROCHESTER,NY
315,14770,64.0,73.2,373.0,-76.864,40.821,SELINSGROVE,PA
316,14771,61.3,71.3,359.4,-76.103,43.109,SYRACUSE,NY
317,14775,62.9,73.2,356.3,-72.716,42.158,WESTFIELD/SPRINGFIELD,MA
318,14777,60.5,72.3,333.5,-75.727,41.339,WILKES-BARRE/SCRANTON,PA
319,14778,61.6,73.4,334.2,-76.922,41.243,WILLIAMSPORT,PA
320,14787,65.6,73.6,392.7,-71.284,41.530,NEWPORT,RI
321,14792,64.1,77.2,318.7,-74.814,40.277,TRENTON,NJ
322,14793,61.6,76.9,288.5,-75.150,40.200,WILLOW GROVE,PA
323,14794,65.1,73.3,389.0,-71.799,41.350,WESTERLY,RI
324,14813,60.3,72.6,326.1,-81.464,41.038,AKRON,OH
325,14815,60.2,71.4,341.6,-85.251,42.308,BATTLE CREEK,MI
326,14819,60.9,74.9,304.6,-87.752,41.786,CHICAGO,IL
327,14820,59.1,73.5,297.8,-81.853,41.405,CLEVELAND,OH
328,14821,60.9,75.4,298.4,-82.881,39.991,COLUMBUS,OH
329,14822,58.5,74.3,280.5,-83.010,42.409,DETROIT,MI
330,14825,60.3,72.9,322.4,-83.669,41.014,FINDLAY,OH
331,14826,58.6,70.7,328.0,-83.749,42.967,FLINT,MI
332,14827,60.9,73.2,326.8,-85.206,41.006,FORT WAYNE,IN
333,14829,61.2,71.8,350.8,-85.792,41.527,GOSHEN,IN
334,14833,59.7,70.5,347.1,-84.459,42.260,JACKSON,MI
335,14835,63.4,74.1,350.8,-86.937,40.412,LAFAYETTE,IN
336,14836,59.2,71.1,331.1,-84.579,42.780,LANSING,MI
337,14837,61.3,71.8,352.0,-89.345,43.141,MADISON,WI
338,14839,60.1,71.3,341.6,-87.897,42.947,MILWAUKEE,WI
339,14840,60.1,69.8,363.1,-86.237,43.171,MUSKEGON,MI
340,14841,56.5,67.3,344.6,-84.796,45.571,PELLSTON,MI
341,14842,64.0,75.1,345.3,-89.684,40.668,PEORIA,IL
342,14845,59.6,70.6,344.0,-84.080,43.533,SAGINAW,MI
343,14847,56.0,64.5,379.2,-84.367,46.467,SAULT STE MARIE,MI
344,14848,59.9,73.0,315.0,-86.333,41.707,SOUTH BEND,IN
345,14850,57.7,69.3,334.2,-85.583,44.741,TRAVERSE CITY,MI
346,14852,59.5,71.5,329.8,-80.674,41.254,YOUNGSTOWN/WARREN,OH
347,14853,59.2,71.6,324.3,-83.230,42.237,DETROIT,MI
348,14858,54.2,63.8,361.3,-88.506,47.169,HANCOCK,MI
349,14860,61.4,73.4,331.1,-80.183,42.080,ERIE,PA
350,14880,61.3,70.7,368.7,-87.868,42.422,CHICAGO/WAUKEGAN,IL
351,14891,59.7,71.6,331.1,-82.518,40.820,MANSFIELD,OH
352,14894,60.6,71.9,340.3,-80.647,40.176,WHEELING,WV
353,14895,60.0,72.0,330.5,-81.443,40.918,AKRON,OH
354,14897,57.6,70.0,323.1,-89.627,44.929,WAUSAU,WI
355,14898,59.6,70.8,340.9,-88.120,44.513,GREEN BAY,WI
356,14910,59.2,70.5,339.1,-95.393,45.883,ALEXANDRIA,MN
357,14913,53.6,64.5,340.9,-92.194,46.844,DULUTH,MN
358,14914,58.9,70.3,337.9,-96.811,46.925,FARGO,ND
359,14916,57.5,67.6,355.7,-97.176,47.949,GRAND FORKS,ND
360,14918,54.6,62.5,388.4,-93.403,48.566,INTERNATIONAL FALLS,MN
361,14919,57.0,68.8,330.5,-98.678,46.930,JAMESTOWN,ND
362,14920,61.3,73.5,328.6,-91.256,43.754,LA CROSSE,WI
363,14922,58.8,75.6,268.8,-93.229,44.883,MINNEAPOLIS,MN
364,14925,60.0,71.2,341.6,-92.492,43.904,ROCHESTER,MN
365,14926,57.5,70.4,316.3,-94.052,45.545,ST CLOUD,MN
366,14927,58.2,75.3,265.1,-93.048,44.930,ST PAUL,MN
367,14929,59.3,72.3,316.3,-98.421,45.450,ABERDEEN,SD
368,14931,65.4,75.2,365.0,-91.125,40.783,BURLINGTON,IA
369,14933,64.1,75.4,342.8,-93.666,41.538,DES MOINES,IA
370,14935,64.3,77.4,318.7,-98.313,40.958,GRAND ISLAND,NE
371,14936,60.7,73.6,318.7,-98.229,44.385,HURON,SD
372,14937,65.3,74.0,381.6,-91.543,41.633,IOWA CITY,IA
373,14938,65.0,73.6,382.9,-92.543,40.097,KIRKSVILLE,MO
374,14939,65.7,78.6,322.4,-96.764,40.831,LINCOLN,NE
375,14940,61.6,71.8,357.0,-93.331,43.158,MASON CITY,IA
376,14941,63.9,75.5,338.5,-97.437,41.981,NORFOLK,NE
377,14942,65.5,77.3,336.6,-95.899,41.310,OMAHA,NE
378,14943,65.5,74.6,375.5,-96.379,42.391,SIOUX CITY,IA
379,14944,61.0,74.6,309.5,-96.754,43.577,SIOUX FALLS,SD
380,14946,58.2,71.2,315.0,-97.154,44.931,WATERTOWN,SD
381,14950,64.7,73.2,384.1,-92.448,41.107,OTTUMWA,IA
382,14972,62.1,72.8,350.2,-95.202,43.164,SPENCER,IA
383,14990,64.3,72.4,390.3,-91.709,41.884,CEDAR RAPIDS,IA
384,14991,58.6,70.7,328.0,-91.485,44.865,EAU CLAIRE,WI
385,14992,59.4,73.2,305.8,-95.082,44.547,REDWOOD FALLS,MN
386,21504,65.8,76.9,346.5,-155.051,19.723,HILO,HI
387,21510,67.1,79.9,324.3,-156.049,19.736,KAILUA/KONA,HI
388,22010,65.9,84.4,255.9,-100.922,29.367,DEL RIO,TX
389,22501,65.0,79.8,297.8,-159.789,22.025,"KEKAHA, KAUAI",HI
390,22516,66.3,78.5,331.7,-156.433,20.902,KAHULUI,HI
391,22519,69.7,79.2,372.4,-157.768,21.451,KANEOHE,HI
392,22521,65.6,82.2,276.8,-157.943,21.328,HONOLULU,HI
393,22534,66.5,78.0,341.6,-157.099,21.157,KAUNAKAKAI,HI
394,22536,67.5,79.3,338.5,-159.341,21.979,LIHUE,HI
395,22551,65.3,79.3,307.7,-158.067,21.317,KAPOLEI,HI
396,23007,60.8,83.3,211.5,-100.288,34.434,CHILDRESS,TX
397,23009,60.4,79.0,250.3,-104.541,33.308,ROSWELL,NM
398,23023,60.5,81.4,226.9,-102.208,31.932,MIDLAND,TX
399,23034,59.5,83.1,200.4,-100.494,31.351,SAN ANGELO,TX
400,23040,61.1,81.8,229.4,-103.201,31.780,WINK,TX
401,23042,60.3,79.3,246.0,-101.821,33.668,LUBBOCK,TX
402,23044,59.0,80.5,219.5,-106.376,31.811,EL PASO,TX
403,23047,57.8,77.5,236.2,-101.706,35.219,AMARILLO,TX
404,23048,59.6,77.5,257.1,-103.603,35.182,TUCUMCARI,NM
405,23049,50.5,72.7,204.7,-106.089,35.617,SANTA FE,NM
406,23050,53.1,76.6,195.5,-106.616,35.042,ALBUQUERQUE,NM
407,23051,54.7,75.9,218.3,-103.154,36.446,CLAYTON,NM
408,23052,50.4,73.8,193.6,-104.502,36.741,RATON,NM
409,23054,51.9,67.1,281.8,-105.143,35.654,LAS VEGAS,NM
410,23061,45.7,65.7,222.0,-105.866,37.436,ALAMOSA,CO
411,23064,58.8,78.5,237.4,-100.725,37.927,GARDEN CITY,KS
412,23065,55.6,77.5,212.7,-101.693,39.368,GOODLAND,KS
413,23066,39.8,80.3,69.1,-108.538,39.134,GRAND JUNCTION,CO
414,23067,50.5,79.9,144.9,-103.527,38.051,LA JUNTA,CO
415,23070,47.7,75.6,153.6,-104.341,37.259,TRINIDAD,CO
416,23078,59.5,77.4,257.1,-107.721,32.262,DEMING,NM
417,23081,48.9,69.9,215.2,-108.789,35.511,GALLUP,NM
418,23090,46.6,77.7,129.5,-108.229,36.744,FARMINGTON,NM
419,23091,60.6,80.6,235.5,-102.912,30.915,FORT STOCKTON,TX
420,23110,51.8,80.7,149.9,-119.950,36.333,LEMOORE,CA
421,23129,59.5,72.2,320.6,-118.163,33.828,LONG BEACH,CA
422,23130,56.8,77.2,228.1,-118.489,34.210,VAN NUYS,CA
423,23136,58.0,67.7,361.9,-119.083,34.217,CAMARILLO,CA
424,23152,55.6,75.9,228.1,-118.359,34.201,BURBANK,CA
425,23153,28.5,76.4,29.0,-117.087,38.060,TONOPAH,NV
426,23154,29.5,69.4,62.3,-114.845,39.295,ELY,NV
427,23155,51.7,84.9,120.3,-119.056,35.434,BAKERSFIELD,CA
428,23157,35.7,78.1,56.8,-118.363,37.373,BISHOP,CA
429,23158,55.3,95.3,85.7,-114.717,33.619,BLYTHE,CA
430,23159,39.8,64.0,175.7,-112.146,37.706,BRYCE CANYON,UT
431,23160,60.4,85.6,187.5,-110.955,32.131,TUCSON,AZ
432,23161,43.7,90.3,46.3,-116.787,34.854,DAGGETT,CA
433,23169,41.3,93.7,24.1,-115.155,36.079,LAS VEGAS,NV
434,23174,59.7,69.9,355.7,-118.406,33.938,LOS ANGELES,CA
435,23176,40.1,77.3,86.4,-113.028,38.443,MILFORD,UT
436,23179,51.4,98.0,53.1,-114.623,34.766,NEEDLES,CA
437,23182,41.9,84.0,63.6,-118.084,34.629,PALMDALE,CA
438,23183,58.0,94.9,104.2,-111.990,33.443,PHOENIX,AZ
439,23184,51.3,76.5,178.8,-112.421,34.652,PRESCOTT,AZ
440,23185,33.9,77.6,49.4,-119.771,39.484,RENO,NV
441,23187,42.4,74.8,116.6,-118.724,34.744,SANDBERG,CA
442,23188,59.1,69.6,350.8,-117.169,32.735,SAN DIEGO,CA
443,23190,57.5,66.6,370.5,-119.844,34.426,SANTA BARBARA,CA
444,23191,55.1,67.9,315.7,-118.416,33.405,AVALON,CA
445,23194,47.5,79.2,126.4,-110.722,35.022,WINSLOW,AZ
446,23199,60.5,92.7,135.1,-115.667,32.817,EL CENTRO,CA
447,23213,50.7,67.7,259.6,-122.812,38.509,SANTA ROSA,CA
448,23225,38.3,71.9,104.9,-120.708,39.292,EMIGRANT GAP,CA
449,23230,53.3,63.0,358.8,-122.221,37.755,OAKLAND,CA
450,23232,53.8,75.2,215.8,-121.493,38.513,SACRAMENTO,CA
451,23233,53.9,62.6,374.8,-121.605,36.663,SALINAS,CA
452,23234,53.2,62.8,360.0,-122.398,37.620,SAN FRANCISCO,CA
453,23237,52.3,77.0,183.8,-121.237,37.894,STOCKTON,CA
454,23244,55.7,67.3,332.9,-122.048,37.415,MOUNTAIN VIEW,CA
455,23254,52.3,73.3,218.3,-122.052,37.992,CONCORD,CA
456,23257,53.3,79.6,171.4,-120.513,37.285,MERCED,CA
457,23258,51.5,80.7,147.4,-120.953,37.626,MODESTO,CA
458,23259,52.6,60.7,383.5,-121.845,36.588,MONTEREY,CA
459,23273,53.7,63.3,360.7,-120.465,34.916,SANTA MARIA,CA
460,23275,48.2,74.3,168.3,-123.201,39.126,UKIAH,CA
461,23277,53.6,62.6,369.9,-121.789,36.936,WATSONVILLE,CA
462,23285,50.9,72.5,210.9,-121.817,37.694,LIVERMORE,CA
463,23293,55.1,69.3,297.2,-121.928,37.362,SAN JOSE,CA
464,24011,55.0,72.2,260.8,-100.748,46.774,BISMARCK,ND
465,24012,49.4,70.9,210.3,-102.802,46.797,DICKINSON,ND
466,24013,53.9,68.9,286.1,-101.281,48.259,MINOT,ND
467,24015,49.2,77.0,155.4,-103.232,40.172,AKRON,CO
468,24017,52.1,76.3,188.1,-103.095,42.838,CHADRON,NE
469,24018,40.0,72.2,115.3,-104.807,41.158,CHEYENNE,WY
470,24021,38.1,73.5,94.4,-108.733,42.817,LANDER,WY
471,24022,38.1,65.4,148.6,-105.674,41.313,LARAMIE,WY
472,24023,61.5,75.9,299.6,-100.668,41.122,NORTH PLATTE,NE
473,24024,58.1,74.1,277.4,-101.601,44.051,PHILIP,SD
474,24025,58.9,74.3,285.5,-100.286,44.383,PIERRE,SD
475,24027,30.3,71.2,58.6,-109.065,41.594,ROCK SPRINGS,WY
476,24028,52.8,75.3,204.1,-103.595,41.874,SCOTTSBLUFF,NE
477,24029,48.0,69.9,205.3,-106.976,44.774,SHERIDAN,WY
478,24030,51.9,74.7,200.4,-102.985,41.101,SIDNEY,NE
479,24032,58.3,75.2,267.0,-100.551,42.859,VALENTINE,NE
480,24033,44.4,73.9,138.1,-108.543,45.808,BILLINGS,MT
481,24036,42.1,65.9,181.9,-109.467,47.049,LEWISTOWN,MT
482,24037,47.3,74.9,155.4,-105.886,46.428,MILES CITY,MT
483,24044,52.7,74.0,215.8,-102.800,42.057,ALLIANCE,NE
484,24046,40.9,67.7,155.4,-107.521,40.495,CRAIG,CO
485,24048,41.7,74.4,114.1,-108.082,44.517,GREYBULL,WY
486,24057,34.5,69.4,93.8,-107.200,41.806,RAWLINS,WY
487,24061,37.7,73.8,90.1,-108.459,43.064,RIVERTON,WY
488,24062,44.2,72.8,144.9,-107.951,43.966,WORLAND,WY
489,24089,41.5,71.6,131.4,-106.473,42.898,CASPER,WY
490,24090,54.8,71.6,265.1,-103.054,44.046,RAPID CITY,SD
491,24091,58.1,78.6,228.8,-101.620,40.510,IMPERIAL,NE
492,24110,43.3,73.1,135.1,-119.319,47.208,MOSES LAKE,WA
493,24121,29.6,71.5,53.7,-115.792,40.825,ELKO,NV
494,24126,40.7,78.8,82.1,-112.011,41.196,OGDEN,UT
495,24127,39.9,81.4,64.8,-111.968,40.787,SALT LAKE CITY,UT
496,24128,26.6,73.1,32.1,-117.807,40.902,WINNEMUCCA,NV
497,24130,44.8,65.0,218.9,-117.810,44.838,BAKER CITY,OR
498,24131,40.1,77.7,83.9,-116.220,43.565,BOISE,ID
499,24132,42.3,69.6,152.9,-111.152,45.794,BOZEMAN,MT
500,24133,45.8,69.7,184.4,-113.772,42.543,BURLEY,ID
501,24135,36.0,62.7,151.1,-112.513,45.953,BUTTE,MT
502,24137,42.1,64.4,195.5,-112.376,48.608,CUT BANK,MT
503,24138,38.8,66.6,145.5,-112.552,45.255,DILLON,MT
504,24141,41.3,74.9,107.9,-119.514,47.304,EPHRATA,WA
505,24143,42.0,67.9,163.4,-111.382,47.473,GREAT FALLS,MT
506,24144,40.5,71.9,121.5,-111.964,46.606,HELENA,MT
507,24145,44.1,69.0,173.9,-112.067,43.516,IDAHO FALLS,ID
508,24146,44.7,64.9,218.9,-114.264,48.304,KALISPELL,MT
509,24149,41.5,75.0,108.6,-117.014,46.375,LEWISTON,ID
510,24150,40.0,68.1,144.3,-110.448,45.699,LIVINGSTON,MT
511,24152,40.8,58.7,239.8,-118.425,45.511,MEACHAM,OR
512,24153,40.1,69.5,135.1,-114.093,46.921,MISSOULA,MT
513,24154,37.4,54.9,241.7,-115.645,47.457,MULLAN PASS,ID
514,24155,41.3,71.7,128.9,-118.834,45.698,PENDLETON,OR
515,24156,39.6,71.5,117.2,-112.571,42.920,POCATELLO,ID
516,24157,40.0,70.3,128.3,-117.528,47.621,SPOKANE,WA
517,24160,41.3,74.9,107.9,-118.287,46.095,WALLA WALLA,WA
518,24162,43.5,77.6,107.3,-117.013,44.021,ONTARIO,OR
519,24163,45.8,74.2,148.0,-119.118,46.265,PASCO,WA
520,24164,31.5,64.1,104.9,-110.108,42.584,BIG PINEY,WY
521,24172,28.8,77.9,25.3,-118.565,40.066,LOVELOCK,NV
522,24215,45.1,68.4,189.3,-122.333,41.333,MOUNT SHASTA,CA
523,24216,50.1,82.1,126.4,-122.254,40.152,RED BLUFF,CA
524,24217,50.9,60.4,360.7,-122.537,48.794,BELLINGHAM,WA
525,24219,48.4,73.6,175.7,-121.167,45.619,THE DALLES,OR
526,24220,44.6,71.4,159.1,-120.530,47.034,ELLENSBURG,WA
527,24221,49.1,67.2,245.4,-123.214,44.133,EUGENE,OR
528,24225,47.1,75.1,152.3,-122.871,42.389,MEDFORD,OR
529,24227,48.9,62.6,299.0,-122.903,46.973,OLYMPIA,WA
530,24229,51.1,68.8,251.6,-122.600,45.591,PORTLAND,OR
531,24230,37.0,66.2,133.2,-121.150,44.254,REDMOND,OR
532,24231,48.5,71.9,191.8,-123.355,43.239,ROSEBURG,OR
533,24232,49.4,68.1,239.2,-122.995,44.908,SALEM,OR
534,24233,49.2,64.9,273.8,-122.314,47.461,SEATTLE,WA
535,24234,49.6,65.1,276.2,-122.301,47.530,SEATTLE,WA
536,24235,45.4,65.6,219.5,-123.381,42.617,SEXTON SUMMIT,OR
537,24237,44.3,56.9,310.1,-121.337,47.293,STAMPEDE PASS,WA
538,24242,51.2,67.1,273.1,-122.400,45.549,PORTLAND,OR
539,24243,43.7,70.7,156.6,-120.534,46.564,YAKIMA,WA
540,24255,49.7,57.0,395.2,-122.650,48.350,WHIDBEY ISLAND,WA
541,24257,47.8,82.5,107.3,-122.313,40.515,REDDING,CA
542,24259,42.5,72.8,130.7,-122.468,41.781,MONTAGUE,CA
543,24283,50.8,55.2,448.2,-124.109,40.978,ARCATA/EUREKA,CA
544,24286,50.3,54.8,446.3,-124.237,41.780,CRESCENT CITY,CA
545,25308,49.3,55.2,419.8,-131.570,55.043,ANNETTE,AK
546,25309,49.1,53.3,451.3,-134.575,58.355,JUNEAU,AK
547,25323,49.2,54.6,428.5,-135.520,59.245,HAINES,AK
548,25325,49.2,55.1,419.8,-131.712,55.357,KETCHIKAN,AK
549,25331,46.3,55.7,358.8,-149.092,61.596,PALMER,AK
550,25333,48.3,53.8,426.6,-135.360,57.048,SITKA,AK
551,25335,46.9,54.0,397.0,-135.313,59.460,SKAGWAY,AK
552,25339,48.5,53.0,445.1,-139.628,59.510,YAKUTAT,AK
553,25501,45.7,52.9,394.6,-152.492,57.750,KODIAK,AK
554,25503,44.6,52.6,380.4,-156.654,58.684,KING SALMON,AK
555,25506,45.4,53.9,373.0,-154.915,59.753,ILIAMNA,AK
556,25507,45.9,52.4,407.5,-151.477,59.647,HOMER,AK
557,25516,45.9,52.3,408.7,-151.702,59.443,SELDOVIA,AK
558,25624,44.3,48.6,447.6,-162.722,55.207,COLD BAY,AK
559,25713,41.3,44.3,472.8,-170.220,57.163,ST PAUL ISLAND,AK
560,26409,48.4,57.7,361.9,-149.855,61.217,ANCHORAGE,AK
561,26410,46.4,51.4,435.2,-145.451,60.489,CORDOVA,AK
562,26411,46.6,60.6,292.9,-147.855,64.817,FAIRBANKS,AK
563,26412,43.6,54.3,336.6,-141.946,62.961,NORTHWAY,AK
564,26415,45.5,56.1,339.7,-145.718,63.995,DELTA JUNCTION/FT GREELY,AK
565,26422,46.6,55.7,363.7,-141.148,64.777,EAGLE,AK
566,26425,42.7,54.0,327.4,-145.458,62.160,GULKANA,AK
567,26435,46.7,58.4,324.3,-149.072,64.550,NENANA,AK
568,26438,46.7,52.8,414.9,-149.417,60.128,SEWARD,AK
569,26451,46.7,55.8,363.7,-149.993,61.175,ANCHORAGE,AK
570,26491,47.0,58.8,323.1,-149.961,61.179,ANCHORAGE,AK
571,26492,44.2,51.2,397.6,-148.839,60.785,PORTAGE GLACIER,AK
572,26502,45.5,54.8,360.0,-158.742,64.327,KALTAG,AK
573,26510,45.7,57.1,328.0,-155.603,62.953,MC GRATH,AK
574,26523,46.7,55.5,368.7,-151.239,60.580,KENAI,AK
575,26528,47.1,56.3,362.5,-150.092,62.322,TALKEETNA,AK
576,26529,46.7,58.4,324.3,-152.107,65.174,TANANA,AK
577,26533,45.5,56.5,333.5,-151.509,66.916,BETTLES,AK
578,26615,44.8,53.1,375.5,-161.826,60.786,BETHEL,AK
579,26616,45.5,53.4,382.9,-162.597,66.885,KOTZEBUE,AK
580,26617,43.3,49.6,409.4,-165.443,64.513,NOME,AK
581,27406,42.8,49.2,407.5,-148.477,70.192,DEADHORSE,AK
582,27502,36.8,39.9,469.8,-156.763,71.287,BARROW,AK
583,27515,43.1,50.8,384.7,-151.002,70.212,NUIQSUT,AK
586,53119,54.3,81.6,164.6,-119.629,36.319,HANFORD,CA
587,53120,56.7,73.4,268.2,-116.917,33.033,RAMONA,CA
588,53121,60.5,70.0,366.8,-117.349,33.219,OCEANSIDE,CA
589,53123,42.4,92.4,33.4,-115.196,36.212,LAS VEGAS,NV
590,53145,30.2,74.1,45.7,-116.264,37.617,NELLIS AIR FORCE BASE,NV
591,53802,66.0,69.9,462.4,-88.280,39.478,MATTOON/CHARLESTON,IL
592,53819,65.9,78.4,327.4,-84.567,33.355,ATLANTA,GA
593,53820,71.1,80.8,369.9,-87.044,31.416,EVERGREEN,AL
594,53838,63.4,78.5,292.9,-83.830,34.272,GAINESVILLE,GA
595,53841,62.5,75.5,318.7,-84.903,38.185,FRANKFORT,KY
596,53842,62.4,75.0,323.7,-86.296,39.825,INDIANAPOLIS,IN
597,53843,69.7,82.9,321.2,-86.394,31.309,ANDALUSIA (FT RUCKER),AL
598,53844,61.9,73.6,335.4,-82.657,39.756,LANCASTER,OH
599,53847,70.0,84.0,311.4,-87.023,30.704,MILTON,FL
600,53848,63.9,80.3,277.4,-86.960,30.507,MILTON,FL
601,53850,64.2,81.4,268.8,-82.886,34.672,CLEMSON,SC
602,53852,67.2,79.5,331.1,-86.945,34.653,DECATUR,AL
603,53853,72.1,84.3,336.0,-86.472,30.400,DESTIN,FL
604,53854,69.6,81.1,344.0,-80.858,33.462,ORANGEBURG,SC
605,53855,63.5,74.3,349.6,-84.525,39.364,HAMILTON,OH
606,53858,73.1,81.4,392.1,-88.532,30.464,PASCAGOULA,MS
607,53859,61.1,73.9,320.0,-84.226,39.594,DAYTON,OH
608,53860,71.5,81.1,371.8,-81.515,30.336,JACKSONVILLE,FL
609,53862,71.4,83.0,343.4,-83.574,30.072,PERRY-FOLEY,FL
610,53863,65.4,79.7,304.0,-84.302,33.875,ATLANTA,GA
611,53864,68.9,80.8,337.9,-86.782,33.178,ALABASTER,AL
612,53865,71.7,82.2,358.8,-89.821,30.345,SLIDELL,LA
613,53866,63.6,73.7,359.4,-85.803,39.578,SHELBYVILLE,IN
614,53867,68.0,81.5,316.3,-80.996,33.971,COLUMBIA,SC
615,53868,63.9,77.5,312.0,-84.233,36.023,OAK RIDGE,TN
616,53869,69.2,82.7,316.9,-89.831,35.940,BLYTHEVILLE,AR
617,53870,65.2,80.1,296.6,-81.156,35.197,GASTONIA,NC
618,53871,65.6,79.6,308.3,-81.058,34.987,ROCK HILL,SC
619,53872,65.3,79.0,311.4,-80.621,35.017,MONROE,NC
620,53873,67.2,77.5,358.8,-84.849,34.123,CARTERSVILLE,GA
621,53874,65.2,80.5,291.6,-82.159,34.249,GREENWOOD,SC
622,53879,66.8,77.5,353.3,-94.371,38.960,LEE'S SUMMIT,MO
623,53901,66.9,77.1,360.0,-91.903,36.878,WEST PLAINS,MO
624,53902,69.1,83.0,312.0,-95.414,30.352,CONROE,TX
625,53903,68.3,84.8,279.9,-95.587,30.747,HUNTSVILLE,TX
626,53904,66.8,78.3,341.6,-90.428,38.929,ST CHARLES,MO
627,53905,68.1,84.6,279.9,-93.744,32.540,SHREVEPORT,LA
628,53907,65.5,85.5,239.8,-97.094,32.664,ARLINGTON,TX
629,53908,67.7,82.6,298.4,-95.984,36.039,TULSA,OK
630,53909,62.5,87.6,189.9,-97.318,32.973,FORT WORTH,TX
631,53910,69.6,82.9,320.0,-95.553,30.062,HOUSTON,TX
632,53911,66.4,86.0,244.8,-96.267,32.710,TERRELL,TX
633,53912,66.9,85.0,261.4,-96.398,32.027,CORSICANA,TX
634,53913,66.0,83.8,263.9,-97.416,35.850,GUTHRIE,OK
635,53914,66.5,84.2,265.1,-96.590,33.180,MC KINNEY,TX
636,53916,68.2,76.3,392.7,-93.579,39.823,CHILLICOTHE,MO
637,53917,71.8,84.5,329.2,-90.028,30.043,NEW ORLEANS,LA
638,53918,69.5,78.6,377.9,-92.470,36.369,MOUNTAIN HOME,AR
639,53919,68.5,83.4,299.0,-91.751,33.638,MONTICELLO,AR
640,53920,69.7,81.4,340.9,-93.095,35.258,RUSSELLVILLE,AR
641,53921,67.1,80.5,316.9,-93.578,34.547,MOUNT IDA,AR
642,53922,67.6,77.2,369.3,-94.307,36.282,FAYETTEVILLE/SPRINGDALE,AR
643,53925,69.0,81.6,328.6,-94.399,34.047,DE QUEEN,AR
644,53959,68.7,81.6,324.3,-90.234,35.135,WEST MEMPHIS,AR
645,53989,66.2,84.2,262.0,-96.926,39.294,FORT RILEY,KS
646,54704,64.1,72.7,382.2,-71.174,42.191,NORWOOD,MA
647,54728,58.8,66.1,400.1,-71.545,44.368,WHITEFIELD,NH
648,54733,62.5,72.3,363.1,-70.918,42.584,BEVERLY,MA
649,54734,63.6,72.9,371.8,-73.483,41.371,DANBURY,CT
650,54737,65.2,74.1,378.5,-76.294,40.120,LANCASTER,PA
651,54740,61.0,70.1,373.0,-72.518,43.344,SPRINGFIELD,VT
652,54742,60.1,68.4,384.7,-72.019,44.419,SAINT JOHNSBURY,VT
653,54743,62.7,76.3,310.7,-74.283,40.876,CALDWELL,NJ
654,54756,62.0,72.0,360.0,-72.291,42.570,ORANGE,MA
655,54757,58.1,67.3,369.9,-77.992,42.109,WELLSVILLE,NY
656,54767,63.1,74.1,346.5,-72.184,41.742,WILLIMANTIC,CT
657,54768,62.0,66.8,445.1,-73.171,42.696,NORTH ADAMS,MA
658,54769,63.5,73.8,356.3,-70.729,41.910,PLYMOUTH,MA
659,54770,60.1,70.3,355.7,-72.004,42.805,JAFFREY,NH
660,54771,58.8,68.2,366.8,-72.614,44.534,MORRISVILLE,VT
661,54772,60.4,70.0,365.0,-70.948,43.991,FRYEBURG,ME
662,54773,61.1,69.3,387.2,-76.385,43.350,FULTON,NY
663,54777,63.3,74.5,343.4,-71.021,41.876,TAUNTON,MA
664,54778,60.8,73.5,321.2,-77.056,42.643,PENN YAN,NY
665,54780,65.5,74.1,383.5,-71.923,41.073,MONTAUK,NY
666,54781,61.4,68.8,400.1,-73.247,42.891,BENNINGTON,VT
667,54782,64.2,76.0,336.0,-75.557,40.238,POTTSTOWN,PA
668,54785,64.2,74.8,352.7,-74.669,40.624,SOMERVILLE,NJ
669,54786,61.8,75.6,307.7,-75.123,40.330,DOYLESTOWN,PA
670,54787,63.2,76.2,319.4,-73.417,40.734,FARMINGDALE,NY
671,54788,64.3,75.1,350.2,-72.828,41.510,MERIDEN,CT
672,54789,60.2,68.4,386.6,-75.379,41.139,MOUNT POCONO,PA
673,54790,63.9,75.5,338.5,-72.869,40.822,SHIRLEY,NY
674,54791,63.1,71.5,384.7,-70.922,43.278,ROCHESTER,NH
675,54792,59.5,69.9,352.7,-78.412,41.047,CLEARFIELD,PA
676,54793,64.2,73.3,374.8,-74.623,41.200,SUSSEX,NJ
677,54813,55.4,64.0,377.3,-86.651,46.429,MUNISING,MI
678,63870,71.7,82.5,354.5,-86.312,31.043,FLORALA,AL
679,63872,69.5,82.0,330.5,-85.129,31.951,EUFAULA,AL
680,63874,69.9,81.2,346.5,-86.611,31.846,GREENVILLE,AL
681,63890,71.7,81.0,376.1,-81.883,30.350,JACKSONVILLE,FL
682,64775,60.9,70.2,369.9,-75.412,43.234,ROME,NY
683,64776,60.8,68.9,388.4,-73.468,44.651,PLATTSBURG,NY
684,92762,62.0,74.5,324.9,-77.430,39.734,SITE R,PA
685,92805,73.0,82.1,379.8,-80.108,26.250,POMPANO BEACH,FL
686,92806,71.5,83.1,343.4,-82.628,27.765,ST PETERSBURG,FL
687,92809,71.8,83.0,349.6,-80.241,25.999,HOLLYWOOD,FL
688,93005,46.2,69.7,188.7,-107.760,37.143,DURANGO,CO
689,93009,35.0,55.8,203.5,-106.316,39.228,LEADVILLE,CO
690,93010,47.4,72.9,172.7,-103.716,39.189,LIMON,CO
691,93013,46.2,74.9,146.2,-107.898,38.505,MONTROSE,CO
692,93026,59.3,79.7,230.6,-109.604,31.469,DOUGLAS BISBEE,AZ
693,93027,50.0,75.8,172.7,-109.379,34.518,ST JOHNS,AZ
694,93033,61.0,79.9,247.9,-104.263,32.338,CARLSBAD,NM
695,93037,43.9,74.3,131.4,-104.711,38.812,COLORADO SPRINGS,CO
696,93042,57.7,75.6,255.3,-102.547,36.023,DALHART,TX
697,93045,56.6,76.9,229.4,-107.268,33.237,TRUTH OR CONSEQUENCES,NM
698,93057,49.4,69.7,222.6,-107.902,35.165,GRANTS,NM
699,93058,47.6,77.4,139.4,-104.498,38.290,PUEBLO,CO
700,93067,41.7,75.5,107.3,-104.849,39.570,DENVER,CO
701,93069,45.5,72.6,157.3,-108.628,37.303,CORTEZ,CO
702,93073,39.4,63.5,176.4,-106.868,39.223,ASPEN,CO
703,93075,39.3,82.9,54.9,-109.754,38.755,MOAB,UT
704,93084,57.8,83.9,177.6,-109.635,32.855,SAFFORD,AZ
705,93102,31.8,77.6,39.5,-118.700,39.417,FALLON,NV
706,93104,40.5,87.7,41.4,-117.683,35.683,CHINA LAKE,CA
707,93107,60.5,69.7,371.1,-117.150,32.867,MIRAMAR,CA
708,93110,58.0,65.6,395.2,-119.206,34.201,OXNARD,CA
709,93111,59.5,65.2,427.9,-119.117,34.117,POINT MUGU,CA
710,93112,59.8,72.2,324.3,-117.200,32.700,SAN DIEGO,CA
711,93115,59.5,71.6,328.6,-117.117,32.567,IMPERIAL BEACH,CA
712,93116,55.8,66.1,351.4,-119.458,33.240,SAN NICOLAS ISLAND,CA
713,93129,41.6,75.0,109.2,-113.097,37.702,CEDAR CITY,UT
714,93134,59.3,73.6,299.6,-118.296,34.028,LOS ANGELES,CA
715,93138,54.5,93.4,90.7,-116.505,33.828,PALM SPRINGS,CA
716,93141,36.6,76.1,71.0,-110.750,39.545,PRICE,UT
717,93167,48.8,84.6,101.8,-113.937,35.259,KINGMAN,AZ
718,93184,61.2,71.9,349.6,-117.866,33.680,SANTA ANA,CA
719,93193,51.2,83.8,124.0,-119.719,36.780,FRESNO,CA
720,93197,59.4,69.8,352.7,-118.451,34.016,SANTA MONICA,CA
721,93205,54.3,77.7,197.3,-121.570,39.098,MARYSVILLE,CA
722,93206,53.6,66.5,313.2,-120.641,35.237,SAN LUIS OBISPO,CA
723,93209,47.7,75.0,157.9,-120.627,35.673,PASO ROBLES,CA
724,93210,54.0,80.1,173.9,-121.618,39.490,OROVILLE,CA
725,93225,54.1,76.2,209.0,-121.590,38.696,SACRAMENTO,CA
726,93227,53.9,66.3,320.0,-122.280,38.213,NAPA,CA
727,93228,56.1,64.3,384.1,-122.121,37.659,HAYWARD,CA
728,93230,37.2,62.0,168.3,-119.995,38.894,SOUTH LAKE TAHOE,CA
729,93241,51.5,77.8,169.6,-121.961,38.377,VACAVILLE,CA
730,93242,54.7,79.3,186.8,-120.111,36.988,MADERA,CA
731,93706,62.4,75.6,315.7,-77.730,39.708,HAGERSTOWN,MD
732,93718,71.6,78.8,408.7,-78.721,33.816,NORTH MYRTLE BEACH,SC
733,93719,70.4,79.4,379.8,-77.047,35.068,NEW BERN,NC
734,93720,65.8,74.6,380.4,-75.510,38.341,SALISBURY,MD
735,93721,64.4,77.5,318.7,-76.684,39.172,BALTIMORE,MD
736,93727,71.7,79.4,400.7,-77.433,34.700,NEW RIVER,NC
737,93729,71.9,80.4,388.4,-75.623,35.232,CAPE HATTERAS,NC
738,93730,65.2,78.3,319.4,-74.457,39.458,ATLANTIC CITY,NJ
739,93736,63.8,75.4,338.5,-78.453,38.139,CHARLOTTESVILLE,VA
740,93738,63.9,76.8,321.2,-77.448,38.935,WASHINGTON,DC
741,93739,67.5,79.2,339.7,-75.496,37.941,WALLOPS ISLAND,VA
742,93740,67.4,80.4,322.4,-78.880,34.991,FAYETTEVILLE,NC
743,93741,66.6,79.3,325.5,-76.493,37.132,NEWPORT NEWS,VA
744,93759,67.3,78.1,352.0,-77.893,35.855,ROCKY MOUNT,NC
745,93765,71.7,79.4,400.7,-76.661,34.734,BEAUFORT,NC
746,93773,66.2,78.9,325.5,-77.007,36.984,WAKEFIELD,VA
747,93775,65.5,78.4,321.8,-77.434,37.708,RICHMOND/ASHLAND,VA
748,93778,62.9,73.9,345.9,-76.874,39.918,YORK,PA
749,93780,65.1,77.2,332.3,-74.841,39.941,MOUNT HOLLY,NJ
750,93781,66.7,79.3,326.8,-77.710,36.439,ROANOKE RAPIDS,NC
751,93782,67.8,79.1,345.3,-79.366,34.792,MAXTON,NC
752,93783,64.2,77.3,318.7,-79.477,36.047,BURLINGTON,NC
753,93784,63.2,80.6,265.7,-76.610,39.281,BALTIMORE,MD
754,93785,65.5,77.4,335.4,-79.064,35.933,CHAPEL HILL,NC
755,93786,66.8,77.5,353.3,-75.124,38.308,OCEAN CITY,MD
756,93801,65.3,79.0,311.4,-85.161,34.348,ROME,GA
757,93805,71.3,82.1,354.5,-84.353,30.393,TALLAHASSEE,FL
758,93806,67.5,82.2,300.9,-87.616,33.212,TUSCALOOSA,AL
759,93807,62.0,77.7,284.2,-80.222,36.134,WINSTON SALEM,NC
760,93808,65.3,78.2,321.8,-86.436,36.981,BOWLING GREEN,KY
761,93810,66.7,77.6,350.2,-89.250,37.780,CARBONDALE/MURPHYBORO,IL
762,93812,63.0,75.5,325.5,-84.419,39.103,CINCINNATI,OH
763,93814,62.9,74.4,339.1,-84.672,39.043,COVINGTON,KY
764,93815,61.2,73.2,331.1,-84.219,39.906,DAYTON,OH
765,93817,65.5,77.6,332.9,-87.537,38.043,EVANSVILLE,IN
766,93819,62.8,74.9,331.1,-86.272,39.710,INDIANAPOLIS,IN
767,93820,62.1,75.6,312.0,-84.606,38.041,LEXINGTON,KY
768,93821,63.5,79.5,281.8,-85.730,38.177,LOUISVILLE,KY
769,93822,66.6,74.2,399.5,-89.684,39.845,SPRINGFIELD,IL
770,93824,62.4,72.4,360.0,-81.892,39.944,ZANESVILLE,OH
771,93831,72.0,82.5,359.4,-80.717,32.483,BEAUFORT,SC
772,93837,69.1,82.7,315.7,-81.683,30.233,JACKSONVILLE,FL
773,93841,70.1,79.7,371.1,-87.022,30.724,MILTON,FL
774,93842,66.0,81.6,288.5,-84.942,32.516,COLUMBUS,GA
775,93845,69.5,81.1,342.2,-83.277,30.783,VALDOSTA,GA
776,93846,64.9,79.7,297.8,-82.709,34.495,ANDERSON,SC
777,93862,66.6,85.3,254.6,-88.771,34.261,TUPELO,MS
778,93874,72.7,82.8,365.6,-89.070,30.407,GULFPORT,MS
779,93909,66.6,78.2,340.3,-94.890,38.831,OLATHE,KS
780,93915,69.4,84.8,294.1,-92.559,31.335,ALEXANDRIA,LA
781,93919,67.8,81.7,310.7,-90.472,31.178,MCCOMB,MS
782,93950,66.5,82.9,279.9,-95.783,34.899,MC ALESTER,OK
783,93953,68.5,81.2,326.8,-95.361,35.657,MUSKOGEE,OK
784,93967,67.9,80.2,331.7,-95.566,37.091,COFFEYVILLE,KS
785,93985,63.0,85.3,215.8,-98.061,32.782,MINERAL WELLS,TX
786,93986,61.7,83.7,217.0,-99.051,35.008,HOBART,OK
787,93987,68.2,83.7,291.6,-94.750,31.234,LUFKIN,TX
788,93988,68.4,82.7,306.4,-91.935,34.175,PINE BLUFF,AR
789,93989,65.2,75.3,360.7,-91.194,39.943,QUINCY,IL
790,93990,59.5,80.0,230.0,-99.830,39.376,HILL CITY,KS
791,93992,68.4,82.9,304.0,-92.813,33.221,EL DORADO,AR
792,93993,67.0,77.7,353.3,-94.170,36.005,FAYETTEVILLE,AR
793,93997,62.7,79.1,276.8,-98.828,38.872,RUSSELL,KS
794,94008,48.4,71.2,197.3,-106.621,48.214,GLASGOW,MT
795,94012,46.6,68.9,199.8,-109.780,48.559,HAVRE,MT
796,94014,50.3,71.4,215.2,-103.642,48.195,WILLISTON,ND
797,94017,48.3,71.4,194.2,-105.574,48.094,WOLF POINT,MT
798,94023,49.1,70.5,210.9,-105.542,44.339,GILLETTE,WY
799,94030,40.8,74.4,107.3,-109.509,40.441,VERNAL,UT
800,94032,48.0,65.5,251.6,-103.628,43.731,CUSTER,SD
801,94037,51.7,71.0,234.9,-103.546,45.604,BUFFALO,SD
802,94038,51.3,70.3,238.0,-102.655,46.014,HETTINGER,ND
803,94039,53.9,74.8,220.7,-102.518,43.021,PINE RIDGE,SD
804,94040,59.4,78.4,244.8,-100.591,40.206,MC COOK,NE
805,94041,53.7,69.4,277.4,-101.439,47.663,GARRISON,ND
806,94050,40.6,68.0,150.5,-107.885,40.049,MEEKER,CO
807,94051,45.9,70.4,179.4,-106.948,47.326,JORDAN,MT
808,94052,57.9,71.5,307.0,-100.408,45.546,MOBRIDGE,SD
809,94053,49.9,75.3,175.7,-104.153,42.065,TORRINGTON,WY
810,94054,45.6,72.9,156.0,-106.721,44.381,BUFFALO,WY
811,94055,47.0,70.4,190.5,-104.250,46.358,BAKER,MT
812,94056,55.7,72.1,270.7,-102.019,45.032,FAITH,SD
813,94057,44.3,72.9,144.9,-105.386,42.797,DOUGLAS,WY
814,94119,41.4,64.4,188.7,-117.421,47.969,DEER PARK,WA
815,94128,43.1,72.3,139.4,-111.853,41.787,LOGAN,UT
816,94129,43.5,65.4,201.0,-117.109,46.744,PULLMAN/MOSCOW,WA
817,94173,34.3,55.9,194.9,-110.421,44.544,YELLOWSTONE,WY
818,94176,43.3,70.3,156.0,-117.321,47.683,SPOKANE,WA
819,94178,38.4,73.4,96.8,-114.487,42.482,TWIN FALLS,ID
820,94182,41.4,60.5,227.5,-116.102,44.889,MCCALL,ID
821,94185,36.1,67.7,115.3,-118.954,43.592,BURNS,OR
822,94194,43.4,68.2,174.5,-111.881,43.834,REXBURG,ID
823,94197,41.5,72.2,127.0,-119.517,48.464,OMAK,WA
824,94224,51.8,58.6,405.0,-123.878,46.158,ASTORIA,OR
825,94225,51.3,57.8,410.0,-123.937,46.971,HOQUIAM,WA
826,94227,49.4,62.6,305.8,-123.148,47.238,SHELTON,WA
827,94236,44.1,66.7,194.9,-121.724,42.147,KLAMATH FALLS,OR
828,94239,43.3,74.8,123.3,-120.207,47.399,WENATCHEE,WA
829,94240,49.9,56.7,403.8,-124.561,47.934,QUILLAYUTE,WA
830,94248,50.0,65.4,278.1,-122.214,47.493,RENTON,WA
831,94261,49.5,65.5,270.1,-122.949,45.541,PORTLAND,OR
832,94266,48.0,56.7,371.1,-123.498,48.120,PORT ANGELES,WA
833,94273,49.3,66.3,258.3,-123.134,45.195,MC MINNVILLE,OR
834,94274,48.8,63.2,289.8,-122.576,47.268,TACOMA,WA
835,94276,48.8,57.2,376.7,-123.023,48.522,FRIDAY HARBOR,WA
836,94281,50.1,68.2,246.6,-122.769,45.249,AURORA,OR
837,94298,50.6,68.5,249.1,-122.657,45.621,VANCOUVER,WA
838,94299,36.4,67.9,116.6,-120.567,41.483,ALTURAS,CA
839,94623,61.5,69.6,389.0,-69.712,43.964,WISCASSET,ME
840,94624,66.0,74.1,391.5,-69.993,41.688,CHATHAM,MA
841,94626,58.4,67.9,365.0,-69.595,45.462,GREENVILLE,ME
842,94700,57.5,66.3,375.5,-71.179,44.576,BERLIN,NH
843,94702,65.0,76.7,337.9,-73.146,41.175,BRIDGEPORT,CT
844,94704,60.3,72.3,330.5,-77.713,42.571,DANSVILLE,NY
845,94705,58.5,67.9,366.8,-72.579,44.203,BARRE/MONTPELIER,VT
846,94720,65.3,72.8,400.7,-70.280,41.669,HYANNIS,MA
847,94723,62.7,74.1,340.3,-71.124,42.717,LAWRENCE,MA
848,94724,65.8,71.7,427.2,-70.615,41.393,VINEYARD HAVEN,MA
849,94726,65.1,73.6,384.7,-70.958,41.676,NEW BEDFORD,MA
850,94728,62.8,78.4,286.1,-73.967,40.783,NEW YORK,NY
851,94732,63.8,79.7,283.6,-75.011,40.082,PHILADELPHIA,PA
852,94740,56.0,63.8,390.9,-74.207,44.385,SARANAC LAKE,NY
853,94741,62.6,78.7,279.9,-74.061,40.850,TETERBORO,NJ
854,94745,63.1,74.8,336.6,-73.708,41.067,WHITE PLAINS,NY
855,94746,61.7,72.6,346.5,-71.876,42.267,WORCESTER,MA
856,94765,61.7,70.5,377.9,-72.305,43.626,LEBANON,NH
857,94789,63.4,77.3,307.7,-73.796,40.655,NEW YORK,NY
858,94814,56.9,67.6,346.5,-84.691,44.368,HOUGHTON LAKE,MI
859,94815,59.6,71.4,332.9,-85.552,42.235,KALAMAZOO,MI
860,94817,58.4,71.5,314.4,-83.418,42.665,PONTIAC,MI
861,94818,60.6,70.9,354.5,-87.814,42.761,RACINE,WI
862,94822,62.5,73.2,350.2,-89.093,42.196,ROCKFORD,IL
863,94823,60.7,72.6,332.3,-80.231,40.501,PITTSBURGH,PA
864,94830,60.3,73.6,313.2,-83.801,41.589,TOLEDO,OH
865,94846,60.6,74.0,312.0,-87.914,41.986,CHICAGO,IL
866,94847,59.6,73.2,308.3,-83.349,42.215,DETROIT,MI
867,94849,57.2,67.3,355.1,-83.581,45.072,ALPENA,MI
868,94855,59.4,71.2,332.3,-88.557,43.984,OSHKOSH,WI
869,94860,59.6,72.2,321.8,-85.523,42.882,GRAND RAPIDS,MI
870,94870,64.0,70.2,421.1,-88.278,40.040,CHAMPAIGN/URBANA,IL
871,94871,62.2,69.6,400.7,-86.422,42.129,BENTON HARBOR,MI
872,94889,58.9,69.4,350.8,-83.744,42.223,ANN ARBOR,MI
873,94892,62.0,73.0,345.3,-88.246,41.914,CHICAGO/WEST CHICAGO,IL
874,94893,54.5,67.4,313.8,-88.114,45.818,IRON MOUNTAIN/KINGSFORD,MI
875,94895,62.1,73.5,339.7,-85.394,40.234,MUNCIE,IN
876,94898,59.6,69.5,360.0,-82.793,44.022,HARBOR BEACH,MI
877,94899,52.8,63.1,349.6,-87.875,47.467,COPPER HARBOR,MI
878,94908,62.7,72.1,369.3,-90.704,42.398,DUBUQUE,IA
879,94910,63.5,73.9,355.1,-92.401,42.554,WATERLOO,IA
880,94929,55.9,65.3,365.0,-90.919,46.549,ASHLAND,WI
881,94931,54.2,62.5,381.6,-92.839,47.387,HIBBING,MN
882,94938,57.4,69.3,329.8,-94.131,46.405,BRAINERD,MN
883,94943,60.3,75.3,291.6,-99.318,43.767,CHAMBERLAIN,SD
884,94946,63.0,74.7,336.6,-99.639,41.437,BROKEN BOW,NE
885,94949,64.2,76.6,328.0,-98.427,40.604,HASTINGS,NE
886,94950,62.2,75.0,321.2,-98.038,43.777,MITCHELL,SD
887,94957,66.9,77.9,349.0,-95.592,40.079,FALLS CITY,NE
888,94958,63.8,76.0,330.5,-98.952,41.624,ORD,NE
889,94960,57.8,73.2,284.2,-93.351,45.063,MINNEAPOLIS,MN
890,94961,56.1,64.5,381.0,-94.610,48.728,BAUDETTE,MN
891,94963,59.1,73.7,295.3,-93.470,44.832,MINNEAPOLIS,MN
892,94967,56.6,69.1,320.6,-95.068,46.901,PARK RAPIDS,MN
893,94971,61.4,72.0,350.8,-94.746,43.408,ESTHERVILLE,IA
894,94973,55.6,68.9,309.5,-91.444,46.026,HAYWARD,WI
895,94978,64.7,76.9,331.1,-96.178,41.764,TEKAMAH,NE
896,94982,63.5,73.4,362.5,-90.591,41.614,DAVENPORT,IA
897,94985,58.9,68.9,358.2,-90.189,44.637,MARSHFIELD,WI
898,94988,63.6,72.4,379.2,-92.918,42.113,MARSHALLTOWN,IA
899,94989,63.9,73.4,368.7,-93.622,41.992,AMES,IA
900,94990,58.7,76.7,255.3,-99.842,43.390,WINNER,SD
901,94991,64.7,74.9,358.8,-93.902,40.633,LAMONI,IA
902,94992,50.8,59.7,369.9,-90.344,47.747,GRAND MARAIS,MN
903,94993,59.8,70.8,344.0,-96.991,45.669,SISSETON,SD
904,94994,61.8,72.7,347.1,-90.678,43.156,BOSCOBEL,WI
