id	rate
1001	0.006456
1003	0.047569
1005	0.003838
1007	0.000823
1009	0.002465
1011	0.000686
1013	0.003432
1015	0.054337
1017	0.005840
1019	0.003086
1021	0.002971
1023	0.001812
1025	0.004014
1027	0.002274
1029	0.001277
1031	0.010772
1033	0.039252
1035	0.002592
1037	0.000385
1039	0.015144
1041	0.001183
1043	0.037629
1045	0.005772
1047	0.012999
1049	0.010484
1051	0.006210
1053	0.004881
1055	0.057787
1057	0.002935
1059	0.006545
1061	0.003356
1063	0.000836
1065	0.002131
1067	0.001430
1069	0.116860
1071	0.009168
1073	0.485921
1075	0.000730
1077	0.041198
1079	0.004785
1081	0.035128
1083	0.009996
1087	0.000281
1089	0.268954
1091	0.007389
1093	0.008581
1095	0.020427
1097	0.167800
1099	0.003107
1101	0.127784
1103	0.050126
1105	0.000350
1107	0.002989
1109	0.004025
1111	0.003825
1113	0.004026
1115	0.004415
1117	0.036784
1119	0.000375
1121	0.010796
1123	0.016159
1125	0.101539
1127	0.024888
1129	0.000281
1131	0.000684
1133	0.003922
2013	0.000005
2016	0.000146
2020	0.067300
2050	0.000249
2060	0.000037
2068	0.000035
2070	0.000247
2090	0.016224
2100	0.000116
2105	0.000014
2110	0.002820
2122	0.005941
2130	0.001172
2150	0.000415
2164	0.000001
2170	0.010077
2180	0.000056
2185	0.000001
2188	0.000335
2195	0.000022
2198	0.000124
2220	0.001372
2230	0.000006
2240	0.000512
2261	0.000141
2270	0.000011
2275	0.000067
2290	0.000065
4001	0.008209
4003	0.022587
4005	0.032437
4007	0.013826
4009	0.003518
4011	0.000373
4012	0.002886
4013	1.354642
4015	0.096223
4017	0.014306
4019	0.318118
4021	0.025288
4023	0.002532
4025	0.095906
4027	0.062903
5001	0.001217
5003	0.002768
5005	0.034204
5007	0.041249
5009	0.011877
5011	0.002446
5013	0.000143
5015	0.002941
5017	0.003937
5019	0.002170
5021	0.000459
5023	0.002900
5025	0.000003
5027	0.004445
5029	0.002512
5031	0.075185
5033	0.003002
5035	0.011132
5037	0.002693
5039	0.000654
5041	0.001691
5043	0.004246
5045	0.027545
5047	0.001085
5049	0.000662
5051	0.067117
5053	0.001060
5055	0.008741
5057	0.003932
5059	0.003335
5061	0.001925
5063	0.020562
5065	0.001012
5067	0.003619
5069	0.030317
5071	0.003301
5073	0.000614
5075	0.001353
5077	0.000212
5079	0.000230
5081	0.000704
5083	0.001792
5085	0.002584
5087	0.000394
5089	0.000428
5091	0.004170
5093	0.005360
5095	0.002067
5097	0.000039
5099	0.001734
5103	0.003357
5105	0.000335
5107	0.002321
5109	0.001166
5111	0.001690
5113	0.005813
5115	0.012362
5117	0.000211
5119	0.331261
5121	0.001401
5123	0.002916
5125	0.009558
5127	0.000101
5129	0.000076
5131	0.069920
5133	0.002769
5135	0.002909
5137	0.001778
5139	0.020945
5141	0.000774
5143	0.074316
5145	0.020126
5147	0.000911
5149	0.002767
6001	0.376178
6003	0.000010
6005	0.011528
6007	0.091457
6009	0.004243
6011	0.001612
6013	0.208617
6015	0.006508
6017	0.030348
6019	0.292638
6021	0.001210
6023	0.036184
6025	0.037416
6027	0.003630
6029	0.188744
6031	0.021298
6033	0.016550
6035	0.003454
6037	2.989459
6039	0.014072
6041	0.069281
6043	0.000944
6045	0.016084
6047	0.055214
6049	0.000211
6051	0.000435
6053	0.112450
6055	0.042591
6057	0.028519
6059	0.961862
6061	0.076679
6063	0.001949
6065	0.397929
6067	0.374368
6069	0.003957
6071	0.278295
6073	1.072040
6075	0.244819
6077	0.130664
6079	0.119090
6081	0.222217
6083	0.180826
6085	0.442325
6087	0.074057
6089	0.120683
6091	0.000021
6093	0.007766
6095	0.045971
6097	0.155577
6099	0.126128
6101	0.045682
6103	0.008455
6105	0.001698
6107	0.114239
6109	0.020987
6111	0.254890
6113	0.016780
6115	0.007978
8001	0.063527
8003	0.003034
8005	0.158690
8007	0.000972
8009	0.000099
8011	0.000189
8013	0.066566
8014	0.002683
8015	0.003221
8017	0.000050
8019	0.000091
8021	0.000303
8023	0.000127
8025	0.000212
8027	0.000197
8029	0.004522
8031	0.169627
8033	0.000126
8035	0.013790
8037	0.005426
8039	0.000348
8041	0.147185
8043	0.005706
8045	0.004873
8047	0.000073
8049	0.000570
8051	0.000595
8053	0.000043
8055	0.000767
8057	0.000028
8059	0.066370
8063	0.000721
8065	0.000204
8067	0.015497
8069	0.091712
8071	0.000919
8073	0.000089
8075	0.002120
8077	0.029100
8079	0.000041
8081	0.000782
8083	0.002884
8085	0.010232
8087	0.002995
8089	0.003436
8091	0.000478
8093	0.000228
8095	0.000308
8097	0.001213
8099	0.000517
8101	0.052211
8103	0.000192
8105	0.000553
8107	0.003430
8109	0.000054
8111	0.000016
8113	0.000420
8115	0.000204
8117	0.001942
8119	0.001983
8121	0.000079
8123	0.030235
8125	0.001506
9001	0.330306
9003	0.390805
9005	0.036819
9007	0.046295
9009	0.395147
9011	0.089189
9013	0.017542
9015	0.021563
10001	0.063358
10003	0.233131
10005	0.086806
11001	0.229941
12001	0.209467
12003	0.002597
12005	0.123051
12007	0.003879
12009	0.312215
12011	0.710086
12013	0.001150
12015	0.172479
12017	0.106087
12019	0.069356
12021	0.293237
12023	0.032585
12027	0.003709
12029	0.000835
12031	0.520728
12033	0.200154
12035	0.026761
12037	0.002373
12039	0.001634
12041	0.000784
12043	0.000130
12045	0.001751
12047	0.001036
12049	0.002110
12051	0.004623
12053	0.106576
12055	0.073971
12057	0.660500
12059	0.002354
12061	0.153155
12063	0.010447
12065	0.000499
12067	0.000109
12069	0.289383
12071	0.567566
12073	0.093647
12075	0.003281
12077	0.000088
12079	0.001708
12081	0.177931
12083	0.274601
12085	0.112702
12086	0.758437
12087	0.020506
12089	0.013177
12091	0.087002
12093	0.014854
12095	0.440708
12097	0.066559
12099	0.957013
12101	0.193832
12103	0.535560
12105	0.247663
12107	0.019963
12109	0.075690
12111	0.135937
12113	0.026045
12115	0.452008
12117	0.130677
12119	0.045460
12121	0.003561
12123	0.002445
12125	0.000617
12127	0.227403
12129	0.000773
12131	0.008116
12133	0.001774
13001	0.005858
13003	0.000337
13005	0.001777
13007	0.000080
13009	0.008082
13011	0.000526
13013	0.013714
13015	0.023008
13017	0.002809
13019	0.000916
13021	0.132163
13023	0.000910
13025	0.000687
13027	0.000920
13029	0.002210
13031	0.018940
13033	0.001719
13035	0.001638
13037	0.000357
13039	0.005867
13043	0.000597
13045	0.030650
13047	0.011112
13049	0.000466
13051	0.144143
13055	0.001108
13057	0.030794
13059	0.085417
13061	0.000274
13063	0.046956
13065	0.000271
13067	0.226257
13069	0.010618
13071	0.007731
13073	0.027896
13075	0.003890
13077	0.023709
13079	0.000262
13081	0.006209
13083	0.000693
13085	0.001368
13087	0.002503
13089	0.264045
13091	0.003500
13093	0.000320
13095	0.044952
13097	0.016799
13099	0.000120
13101	0.000003
13103	0.003263
13105	0.001457
13107	0.002828
13109	0.000450
13111	0.013176
13113	0.034873
13115	0.074927
13117	0.023126
13119	0.004247
13121	0.410525
13123	0.002624
13125	0.000004
13127	0.049280
13129	0.009900
13131	0.001871
13133	0.004970
13135	0.131896
13137	0.004404
13139	0.115173
13141	0.000253
13143	0.001511
13145	0.000644
13147	0.002397
13149	0.000319
13151	0.054525
13153	0.042371
13155	0.000723
13157	0.006653
13159	0.000717
13161	0.002265
13163	0.000703
13165	0.000329
13167	0.000325
13169	0.000408
13171	0.000924
13173	0.000663
13175	0.028460
13177	0.000816
13179	0.007273
13181	0.000352
13183	0.000021
13185	0.043593
13187	0.004200
13189	0.003065
13191	0.000890
13193	0.000486
13195	0.001808
13197	0.000274
13199	0.001801
13201	0.000751
13205	0.000878
13207	0.001665
13209	0.000009
13211	0.000805
13213	0.002072
13215	0.092467
13217	0.014361
13219	0.003388
13221	0.000474
13223	0.005794
13225	0.006535
13227	0.009106
13229	0.001551
13231	0.000029
13233	0.002744
13235	0.001553
13237	0.001926
13239	0.000187
13241	0.002696
13243	0.000274
13245	0.132926
13247	0.027327
13249	0.000159
13251	0.000723
13253	0.001473
13255	0.018531
13257	0.008310
13259	0.000437
13261	0.005119
13263	0.000164
13265	0.000003
13267	0.001076
13269	0.000301
13271	0.000856
13273	0.000417
13275	0.030201
13277	0.022875
13279	0.012993
13281	0.002099
13283	0.000348
13285	0.019559
13287	0.000439
13289	0.000011
13291	0.013815
13293	0.004852
13295	0.003596
13297	0.008880
13299	0.026456
13301	0.000271
13303	0.002242
13305	0.005632
13307	0.000054
13309	0.000220
13311	0.001630
13313	0.033888
13315	0.000245
13317	0.001731
13319	0.002230
13321	0.001279
15001	0.017503
15003	0.169980
15007	0.006604
15009	0.017759
16001	0.071266
16003	0.000054
16005	0.018133
16007	0.000327
16009	0.000455
16011	0.002440
16013	0.001914
16015	0.000100
16017	0.004296
16019	0.031258
16021	0.000429
16023	0.000061
16025	0.000001
16027	0.015208
16029	0.000176
16031	0.001296
16035	0.001076
16037	0.000093
16039	0.000998
16041	0.000683
16043	0.000206
16045	0.000405
16047	0.000688
16049	0.000637
16051	0.000748
16053	0.000443
16055	0.031622
16057	0.004143
16059	0.000708
16061	0.000160
16063	0.000093
16065	0.002631
16067	0.000380
16069	0.015715
16071	0.000189
16073	0.000310
16075	0.001916
16077	0.000170
16079	0.001213
16081	0.000267
16083	0.017209
16085	0.000901
16087	0.000366
17001	0.038732
17003	0.000683
17005	0.000974
17007	0.003193
17009	0.000295
17011	0.008238
17013	0.000115
17015	0.000964
17017	0.000470
17019	0.065068
17021	0.004847
17023	0.001151
17025	0.000715
17027	0.003011
17029	0.015344
17031	2.043299
17033	0.001777
17035	0.000423
17037	0.022305
17039	0.001082
17041	0.001553
17043	0.504576
17045	0.001308
17047	0.000462
17049	0.027469
17051	0.001391
17053	0.001026
17055	0.002208
17057	0.002778
17059	0.000207
17061	0.000837
17063	0.011156
17065	0.000911
17067	0.001277
17069	0.000433
17071	0.000095
17073	0.006275
17075	0.003084
17077	0.025257
17079	0.000672
17081	0.029000
17083	0.001176
17085	0.001353
17087	0.000682
17089	0.141726
17091	0.044383
17093	0.009786
17095	0.020648
17097	0.206236
17099	0.021448
17101	0.001469
17103	0.007785
17105	0.007654
17107	0.002198
17109	0.004944
17111	0.058463
17113	0.058303
17115	0.056786
17117	0.003660
17119	0.062296
17121	0.013631
17123	0.000910
17125	0.000240
17127	0.001848
17129	0.000362
17131	0.000558
17133	0.002467
17135	0.003136
17137	0.008227
17139	0.001304
17141	0.004191
17143	0.131423
17145	0.001646
17147	0.000339
17149	0.001091
17151	0.000152
17153	0.000626
17155	0.000351
17157	0.006467
17159	0.002552
17161	0.064972
17163	0.082077
17165	0.005810
17167	0.157187
17169	0.000348
17171	0.000127
17173	0.001311
17175	0.000273
17177	0.009687
17179	0.013673
17181	0.001321
17183	0.015151
17185	0.001095
17187	0.000819
17189	0.000943
17191	0.002038
17193	0.001817
17195	0.012384
17197	0.168947
17199	0.039182
17201	0.102898
17203	0.001767
18001	0.002039
18003	0.122318
18005	0.024751
18007	0.000847
18009	0.001515
18011	0.005526
18013	0.000485
18015	0.001609
18017	0.005710
18019	0.046193
18021	0.002745
18023	0.002595
18025	0.000458
18027	0.002963
18029	0.006470
18031	0.001313
18033	0.002208
18035	0.062011
18037	0.012751
18039	0.045427
18041	0.003069
18043	0.028927
18045	0.000898
18047	0.000396
18049	0.001659
18051	0.003689
18053	0.018514
18055	0.002197
18057	0.087332
18059	0.014371
18061	0.002771
18063	0.021227
18065	0.007520
18067	0.028767
18069	0.001637
18071	0.006983
18073	0.005332
18075	0.002024
18077	0.006780
18079	0.001559
18081	0.034521
18083	0.018311
18085	0.011631
18087	0.001395
18089	0.291249
18091	0.031151
18093	0.006546
18095	0.028104
18097	0.389864
18099	0.004967
18101	0.000346
18103	0.002841
18105	0.051287
18107	0.004966
18109	0.006809
18111	0.000309
18113	0.002085
18115	0.000190
18117	0.001378
18119	0.000775
18121	0.001334
18123	0.001644
18125	0.000686
18127	0.053820
18129	0.001741
18131	0.002940
18133	0.002656
18135	0.001275
18137	0.005933
18139	0.001175
18141	0.113914
18143	0.003238
18145	0.003696
18147	0.001021
18149	0.001851
18151	0.001999
18153	0.002235
18155	0.000535
18157	0.062843
18159	0.002421
18161	0.000195
18163	0.096380
18165	0.000519
18167	0.068002
18169	0.002567
18171	0.000271
18173	0.022323
18175	0.001772
18177	0.029601
18179	0.004981
18181	0.003063
18183	0.001305
19001	0.000277
19003	0.000317
19005	0.000772
19007	0.001092
19009	0.000094
19011	0.000923
19013	0.055507
19015	0.001786
19017	0.001887
19019	0.001043
19021	0.002710
19023	0.000477
19025	0.000531
19027	0.005508
19029	0.000924
19031	0.000950
19033	0.029845
19035	0.001247
19037	0.001006
19039	0.000691
19041	0.010362
19043	0.000794
19045	0.015582
19047	0.001141
19049	0.002628
19051	0.000660
19053	0.000209
19055	0.000566
19057	0.014383
19059	0.002844
19061	0.029962
19063	0.000807
19065	0.001174
19067	0.002417
19069	0.000483
19071	0.000466
19073	0.001112
19075	0.001101
19077	0.000872
19079	0.002980
19081	0.000755
19083	0.002361
19085	0.000347
19087	0.003992
19089	0.000296
19091	0.000292
19093	0.000785
19095	0.000791
19097	0.002530
19099	0.004295
19101	0.002523
19103	0.062590
19105	0.001235
19107	0.000333
19109	0.001082
19111	0.007048
19113	0.070521
19115	0.000442
19117	0.001001
19119	0.000380
19121	0.000732
19123	0.002029
19125	0.004181
19127	0.016126
19129	0.001242
19131	0.000444
19133	0.000714
19135	0.000146
19137	0.002392
19139	0.006087
19141	0.001424
19143	0.000723
19145	0.002001
19147	0.000548
19149	0.001483
19151	0.000306
19153	0.191252
19155	0.015777
19157	0.003445
19159	0.000373
19161	0.000892
19163	0.065149
19165	0.001195
19167	0.001653
19169	0.036275
19171	0.000896
19173	0.000094
19175	0.000904
19177	0.000232
19179	0.011098
19181	0.002997
19183	0.002657
19185	0.000695
19187	0.013754
19189	0.000987
19191	0.002951
19193	0.038974
19195	0.000027
19197	0.000855
20001	0.001168
20003	0.000140
20005	0.001245
20007	0.000180
20009	0.007244
20011	0.004354
20013	0.001219
20015	0.009607
20017	0.000060
20019	0.000272
20021	0.007848
20023	0.000210
20025	0.000132
20027	0.001066
20029	0.000817
20031	0.000539
20033	0.000100
20035	0.005035
20037	0.010549
20039	0.000137
20041	0.001511
20043	0.000483
20045	0.019442
20047	0.000328
20049	0.000122
20051	0.014734
20053	0.000638
20055	0.011410
20057	0.008213
20059	0.003580
20061	0.002197
20063	0.000727
20065	0.000266
20067	0.001106
20069	0.000227
20071	0.000100
20073	0.000440
20075	0.000091
20077	0.000495
20079	0.015255
20081	0.000069
20083	0.000204
20085	0.000730
20087	0.001375
20089	0.000202
20091	0.245819
20093	0.000302
20095	0.001573
20097	0.000038
20099	0.005926
20101	0.000059
20103	0.008320
20105	0.000179
20107	0.000303
20109	0.000317
20111	0.008641
20113	0.003712
20115	0.000715
20117	0.000686
20119	0.000211
20121	0.002070
20123	0.002036
20125	0.007266
20127	0.000553
20129	0.000471
20131	0.001037
20133	0.005029
20135	0.000461
20137	0.000254
20139	0.001173
20141	0.000466
20143	0.000574
20145	0.001111
20147	0.000641
20149	0.000993
20151	0.002417
20153	0.000145
20155	0.046014
20157	0.001114
20159	0.000451
20161	0.020514
20163	0.000534
20165	0.000100
20167	0.000651
20169	0.027701
20171	0.000259
20173	0.248677
20175	0.004308
20177	0.096823
20179	0.000156
20181	0.001710
20183	0.000257
20185	0.000215
20187	0.000162
20189	0.000255
20191	0.001411
20193	0.000780
20195	0.000496
20197	0.000046
20199	0.000080
20201	0.000532
20203	0.000046
20205	0.001648
20207	0.000248
20209	0.053801
21001	0.001746
21003	0.002172
21005	0.001551
21007	0.000412
21009	0.020821
21011	0.000500
21013	0.007913
21015	0.013277
21017	0.002318
21019	0.062491
21021	0.031480
21023	0.000307
21025	0.004856
21027	0.002594
21029	0.004103
21031	0.002315
21033	0.002110
21035	0.013338
21037	0.010280
21039	0.000477
21041	0.000647
21043	0.003496
21045	0.001553
21047	0.022193
21049	0.007625
21051	0.003357
21053	0.003565
21055	0.000770
21057	0.000228
21059	0.058171
21061	0.000916
21063	0.000604
21065	0.001148
21067	0.198565
21069	0.002756
21071	0.017010
21073	0.014435
21075	0.001110
21077	0.000879
21079	0.000758
21081	0.001916
21083	0.008429
21085	0.005271
21087	0.001255
21089	0.005009
21091	0.000465
21093	0.039304
21095	0.006173
21097	0.003551
21099	0.001907
21101	0.008134
21103	0.001261
21105	0.000247
21107	0.020106
21109	0.000448
21111	0.366471
21113	0.002949
21115	0.006744
21117	0.063124
21119	0.000692
21121	0.004618
21123	0.000929
21125	0.018586
21127	0.003656
21129	0.000608
21131	0.001045
21133	0.006767
21135	0.000404
21137	0.001252
21139	0.001019
21141	0.003327
21143	0.001010
21145	0.075071
21147	0.001879
21149	0.000708
21151	0.016091
21153	0.001009
21155	0.003062
21157	0.004471
21159	0.002273
21161	0.006664
21163	0.001129
21165	0.000644
21167	0.001445
21169	0.000292
21171	0.001798
21173	0.006995
21175	0.000842
21177	0.005090
21179	0.006271
21181	0.000109
21183	0.003753
21185	0.006663
21187	0.001585
21189	0.001011
21191	0.000580
21193	0.022910
21195	0.028329
21197	0.001038
21199	0.031195
21203	0.001393
21205	0.006898
21207	0.013795
21209	0.003625
21211	0.005717
21213	0.003537
21215	0.000705
21217	0.007650
21219	0.000552
21221	0.001101
21223	0.000394
21225	0.001105
21227	0.055221
21229	0.000941
21231	0.002288
21233	0.000413
21235	0.023403
21237	0.000909
21239	0.001874
22001	0.007146
22003	0.002147
22005	0.006219
22007	0.000341
22009	0.003739
22011	0.003555
22013	0.000081
22015	0.014721
22017	0.174489
22019	0.070021
22021	0.000842
22023	0.000088
22025	0.000140
22027	0.001420
22029	0.005573
22031	0.001036
22033	0.162265
22035	0.000228
22037	0.001165
22039	0.007680
22041	0.003729
22043	0.000093
22045	0.019211
22047	0.000942
22049	0.001338
22051	0.137248
22053	0.005583
22055	0.190462
22057	0.023688
22059	0.000779
22061	0.020347
22063	0.002789
22065	0.000181
22067	0.005171
22069	0.005571
22071	0.049875
22073	0.082305
22075	0.000367
22077	0.000735
22079	0.072748
22081	0.000865
22083	0.003846
22085	0.006284
22087	0.000777
22089	0.001384
22091	0.000343
22093	0.001322
22095	0.003159
22097	0.032522
22099	0.002103
22101	0.005432
22103	0.074815
22105	0.026973
22107	0.000007
22109	0.034162
22111	0.000764
22113	0.006435
22115	0.008580
22117	0.008254
22119	0.006878
22121	0.000978
22123	0.000806
22125	0.000328
22127	0.002355
23001	0.037220
23003	0.016322
23005	0.141410
23007	0.004366
23009	0.011657
23011	0.034988
23013	0.009174
23015	0.004616
23017	0.005538
23019	0.065820
23021	0.001253
23023	0.003815
23025	0.003393
23027	0.004683
23029	0.003643
23031	0.039598
24001	0.045687
24003	0.185396
24005	0.496266
24009	0.021754
24011	0.002445
24013	0.046461
24015	0.021726
24017	0.037772
24019	0.009562
24021	0.080149
24023	0.005568
24025	0.078919
24027	0.072148
24029	0.007821
24031	0.375273
24033	0.216396
24035	0.004449
24037	0.020870
24039	0.001493
24041	0.038181
24043	0.076480
24045	0.092122
24047	0.018515
24510	0.330654
25001	0.116495
25003	0.064464
25005	0.205616
25007	0.002229
25009	0.210814
25011	0.018573
25013	0.174297
25015	0.028985
25017	0.523759
25019	0.001252
25021	0.222770
25023	0.122527
25025	0.439672
25027	0.203880
26001	0.000472
26003	0.001148
26005	0.003062
26007	0.014299
26009	0.000555
26011	0.001611
26013	0.000656
26015	0.005752
26017	0.051435
26019	0.001487
26021	0.045849
26023	0.007325
26025	0.048532
26027	0.001408
26029	0.002277
26031	0.003878
26033	0.005935
26035	0.003092
26037	0.005452
26039	0.003476
26041	0.006518
26043	0.007857
26045	0.010198
26047	0.030582
26049	0.205068
26051	0.001564
26053	0.002168
26055	0.087531
26057	0.006947
26059	0.006244
26061	0.004253
26063	0.006128
26065	0.130814
26067	0.004778
26069	0.005276
26071	0.001756
26073	0.010111
26075	0.050839
26077	0.103093
26079	0.000494
26081	0.177208
26085	0.000510
26087	0.015758
26089	0.001160
26091	0.011390
26093	0.018405
26095	0.000677
26097	0.000640
26099	0.382532
26101	0.002547
26103	0.022153
26105	0.008314
26107	0.005559
26109	0.000392
26111	0.027429
26113	0.000940
26115	0.031187
26117	0.009509
26119	0.002171
26121	0.054401
26123	0.001873
26125	0.901442
26127	0.001765
26129	0.008673
26131	0.000221
26133	0.002036
26135	0.000520
26137	0.006823
26139	0.022550
26141	0.001245
26143	0.002826
26145	0.123044
26147	0.054214
26149	0.005589
26151	0.003800
26153	0.000187
26155	0.010416
26157	0.007329
26159	0.004417
26161	0.207471
26163	0.581101
26165	0.008587
27001	0.000414
27003	0.030307
27005	0.003211
27007	0.009317
27009	0.000459
27011	0.000766
27013	0.014791
27015	0.001342
27017	0.001984
27019	0.005348
27021	0.000600
27023	0.000353
27025	0.003365
27027	0.001471
27029	0.000079
27031	0.000061
27033	0.000927
27035	0.009322
27037	0.021403
27039	0.000247
27041	0.006460
27043	0.000598
27045	0.001050
27047	0.003650
27049	0.002517
27051	0.000121
27053	0.233744
27055	0.000907
27057	0.001613
27059	0.002570
27061	0.004207
27063	0.000460
27065	0.000226
27067	0.009804
27069	0.000178
27071	0.000616
27073	0.000227
27075	0.000839
27077	0.000025
27079	0.000492
27081	0.000097
27083	0.002472
27085	0.002742
27087	0.000181
27089	0.000132
27091	0.003306
27093	0.000810
27095	0.000955
27097	0.000591
27099	0.003179
27101	0.000596
27103	0.001537
27105	0.002874
27107	0.000103
27109	0.164579
27111	0.004901
27113	0.001292
27115	0.000351
27117	0.000526
27119	0.001714
27121	0.000305
27123	0.108858
27125	0.000035
27127	0.000881
27129	0.000474
27131	0.004743
27133	0.000221
27135	0.000487
27137	0.049215
27139	0.003262
27141	0.001451
27143	0.000285
27145	0.038945
27147	0.003191
27149	0.000590
27151	0.000593
27153	0.000180
27155	0.000059
27157	0.000996
27159	0.000549
27161	0.000204
27163	0.026079
27165	0.000345
27167	0.000420
27169	0.003636
27171	0.003857
27173	0.000759
28001	0.017490
28003	0.022335
28005	0.000214
28007	0.004082
28009	0.000050
28011	0.010439
28013	0.000971
28015	0.000149
28017	0.001561
28019	0.000482
28021	0.000721
28023	0.001056
28025	0.002512
28027	0.009612
28029	0.001853
28031	0.000559
28033	0.030248
28035	0.117164
28037	0.000382
28039	0.001110
28041	0.000278
28043	0.007103
28045	0.002937
28047	0.074280
28049	0.178899
28051	0.000869
28053	0.000307
28057	0.001940
28059	0.036155
28061	0.000166
28063	0.000209
28065	0.000345
28067	0.023877
28069	0.000061
28071	0.028372
28073	0.000552
28075	0.058624
28077	0.001702
28079	0.004103
28081	0.080279
28083	0.015898
28085	0.006966
28087	0.027336
28089	0.011663
28091	0.001989
28093	0.001411
28095	0.004303
28097	0.013009
28099	0.002453
28101	0.000310
28103	0.000239
28105	0.006817
28107	0.004529
28109	0.003567
28111	0.000398
28113	0.013516
28115	0.001803
28117	0.006529
28119	0.000969
28121	0.034570
28123	0.000846
28125	0.000279
28127	0.002860
28129	0.000270
28131	0.001073
28133	0.000973
28135	0.000330
28137	0.003068
28139	0.001912
28141	0.003484
28143	0.000178
28145	0.004963
28147	0.000538
28149	0.013717
28151	0.018098
28153	0.000958
28155	0.002442
28157	0.000594
28159	0.000996
28161	0.000677
28163	0.001465
29001	0.011414
29003	0.000611
29005	0.000753
29007	0.005103
29009	0.001489
29011	0.001471
29013	0.000491
29015	0.001677
29017	0.000261
29019	0.116340
29021	0.047488
29023	0.045912
29025	0.000279
29027	0.002540
29029	0.014541
29031	0.065428
29033	0.000689
29035	0.000152
29037	0.005173
29039	0.000380
29041	0.000704
29043	0.004889
29045	0.000932
29047	0.084354
29049	0.002184
29051	0.046952
29053	0.000456
29055	0.001001
29057	0.000371
29059	0.000183
29061	0.000414
29063	0.000386
29065	0.002105
29067	0.000260
29069	0.003063
29071	0.019357
29073	0.001165
29075	0.000791
29077	0.124307
29079	0.000623
29081	0.000795
29083	0.003581
29085	0.000011
29087	0.000067
29089	0.000411
29091	0.014219
29093	0.000710
29095	0.224918
29097	0.063281
29099	0.033454
29101	0.007185
29103	0.000233
29105	0.002475
29107	0.002118
29109	0.001571
29111	0.000420
29113	0.004679
29115	0.001834
29117	0.001902
29119	0.000526
29121	0.001039
29123	0.000747
29125	0.000559
29127	0.017410
29129	0.000628
29131	0.001463
29133	0.000681
29135	0.001459
29137	0.000480
29139	0.000643
29141	0.001001
29143	0.001390
29145	0.003644
29147	0.001272
29149	0.000083
29151	0.000381
29153	0.000210
29155	0.002810
29157	0.002252
29159	0.012684
29161	0.015268
29163	0.001345
29165	0.012262
29167	0.004975
29169	0.001853
29171	0.000324
29173	0.000095
29175	0.005118
29177	0.001205
29179	0.000287
29181	0.001300
29183	0.065821
29185	0.000294
29186	0.001039
29187	0.020167
29189	0.478733
29195	0.002835
29197	0.000144
29199	0.000691
29201	0.008161
29203	0.000071
29205	0.000267
29207	0.002349
29209	0.003781
29211	0.000376
29213	0.014446
29215	0.001221
29217	0.002473
29219	0.002114
29221	0.001479
29223	0.000910
29225	0.000421
29227	0.000050
29229	0.000943
29510	0.174186
30001	0.000614
30003	0.000977
30005	0.000157
30007	0.000146
30009	0.000388
30011	0.000001
30013	0.028074
30015	0.000227
30017	0.001735
30019	0.000035
30021	0.000535
30023	0.000644
30025	0.000096
30027	0.001232
30029	0.024662
30031	0.014315
30033	0.000021
30035	0.000644
30037	0.000009
30039	0.000023
30041	0.000777
30043	0.000536
30045	0.000060
30047	0.001756
30049	0.010461
30051	0.000037
30053	0.001568
30055	0.000090
30057	0.000290
30059	0.000038
30061	0.000142
30063	0.044145
30065	0.000451
30067	0.000778
30071	0.000174
30073	0.000180
30075	0.000017
30077	0.000536
30079	0.000029
30081	0.003590
30083	0.000806
30085	0.000218
30087	0.000407
30089	0.000527
30091	0.000465
30093	0.008529
30095	0.000324
30097	0.000010
30099	0.000289
30101	0.000210
30103	0.000002
30105	0.001419
30107	0.000039
30109	0.000015
30111	0.057175
31001	0.023811
31003	0.000231
31011	0.000416
31013	0.000698
31015	0.000371
31017	0.000354
31019	0.022662
31021	0.000370
31023	0.000729
31025	0.000567
31027	0.000261
31029	0.000144
31031	0.000319
31033	0.000433
31035	0.000207
31037	0.000318
31039	0.000422
31041	0.002113
31043	0.001270
31045	0.000684
31047	0.001750
31049	0.000026
31051	0.000114
31053	0.013847
31055	0.207815
31057	0.000135
31059	0.000281
31061	0.000109
31063	0.000045
31065	0.000491
31067	0.002141
31069	0.000024
31071	0.000168
31073	0.000017
31077	0.000039
31079	0.024909
31081	0.000539
31083	0.000349
31087	0.000030
31089	0.001258
31091	0.000106
31093	0.000184
31095	0.000525
31097	0.000459
31099	0.000237
31101	0.000977
31103	0.000009
31105	0.000441
31107	0.000704
31109	0.134189
31111	0.013685
31119	0.015524
31121	0.000198
31123	0.000256
31125	0.000124
31127	0.001182
31129	0.000244
31131	0.000956
31133	0.000065
31135	0.000350
31137	0.002625
31139	0.000186
31141	0.013562
31143	0.000530
31145	0.002242
31147	0.001136
31149	0.000031
31151	0.000553
31153	0.011904
31155	0.000685
31157	0.017286
31159	0.000777
31161	0.000252
31163	0.000066
31167	0.000100
31169	0.000165
31173	0.000265
31175	0.000825
31177	0.001294
31179	0.000396
31181	0.000124
31185	0.002145
32001	0.002974
32003	0.575563
32005	0.010933
32007	0.005648
32009	0.000015
32011	0.000022
32013	0.000889
32015	0.000045
32017	0.000721
32019	0.002397
32021	0.000308
32023	0.003623
32029	0.000086
32031	0.143816
32033	0.000390
32510	0.035740
33001	0.016166
33003	0.005497
33005	0.013819
33007	0.003395
33009	0.048127
33011	0.109375
33013	0.047127
33015	0.074609
33017	0.034076
33019	0.005488
34001	0.159204
34003	0.800699
34005	0.165130
34007	0.307286
34009	0.040593
34011	0.070688
34013	0.376016
34015	0.063443
34017	0.143627
34019	0.035431
34021	0.204760
34023	0.431162
34025	0.367610
34027	0.261633
34029	0.343872
34031	0.190022
34033	0.016425
34035	0.249610
34037	0.040195
34039	0.271944
34041	0.039282
35001	0.148532
35003	0.000042
35005	0.021303
35006	0.000903
35007	0.002163
35009	0.009747
35011	0.000299
35013	0.047695
35015	0.009555
35017	0.005779
35019	0.000441
35021	0.000000
35023	0.000251
35025	0.004935
35027	0.003554
35028	0.004065
35029	0.004665
35031	0.012077
35033	0.000038
35035	0.014676
35037	0.000664
35039	0.002253
35041	0.001468
35043	0.005590
35045	0.022481
35047	0.003609
35049	0.039547
35051	0.000593
35053	0.000998
35055	0.004882
35057	0.000524
35059	0.000329
35061	0.002495
36001	0.144686
36003	0.004546
36005	0.230845
36007	0.068719
36009	0.014683
36011	0.012644
36013	0.025279
36015	0.028391
36017	0.005057
36019	0.029672
36021	0.013795
36023	0.012058
36025	0.003081
36027	0.129398
36029	0.189598
36031	0.002267
36033	0.009829
36035	0.006969
36037	0.005178
36039	0.005720
36041	0.000501
36043	0.003987
36045	0.024440
36047	0.926981
36049	0.001852
36051	0.003571
36053	0.009844
36055	0.116942
36057	0.014244
36059	1.145958
36061	1.065134
36063	0.019314
36065	0.092643
36067	0.232072
36069	0.017278
36071	0.174808
36073	0.001804
36075	0.013037
36077	0.020773
36079	0.029749
36081	0.469208
36083	0.028075
36085	0.151664
36087	0.159301
36089	0.019228
36091	0.030088
36093	0.038192
36095	0.001250
36097	0.001354
36099	0.001769
36101	0.017609
36103	0.712742
36105	0.015112
36107	0.002114
36109	0.018626
36111	0.044153
36113	0.025665
36115	0.003744
36117	0.004465
36119	0.482617
36121	0.004842
36123	0.000888
37001	0.228748
37003	0.002326
37005	0.001772
37007	0.001923
37009	0.003766
37011	0.002142
37013	0.013480
37015	0.012795
37017	0.003098
37019	0.023745
37021	0.171515
37023	0.029408
37025	0.060633
37027	0.008770
37031	0.021926
37033	0.000722
37035	0.089479
37037	0.001823
37039	0.006576
37041	0.005770
37043	0.001212
37045	0.033630
37047	0.019425
37049	0.070179
37051	0.105837
37053	0.001266
37055	0.007407
37057	0.010905
37059	0.003692
37061	0.007617
37063	0.163714
37065	0.007374
37067	0.145618
37069	0.005301
37071	0.073194
37073	0.001922
37075	0.001049
37077	0.007198
37079	0.001844
37081	0.367421
37083	0.015617
37085	0.016537
37087	0.018083
37089	0.041254
37091	0.007664
37093	0.002223
37095	0.000234
37097	0.059660
37099	0.009567
37101	0.032258
37103	0.004970
37105	0.017098
37107	0.028621
37109	0.010517
37111	0.003850
37113	0.008001
37115	0.001049
37117	0.006366
37119	0.375930
37121	0.001991
37123	0.000952
37125	0.102373
37127	0.056340
37129	0.192528
37131	0.001771
37133	0.024944
37135	0.055724
37137	0.001694
37139	0.020249
37141	0.005226
37143	0.000861
37145	0.004632
37147	0.146323
37149	0.004116
37151	0.015864
37153	0.011395
37155	0.035838
37157	0.014145
37159	0.026870
37161	0.013635
37163	0.010588
37165	0.012266
37167	0.012120
37169	0.002368
37171	0.016455
37173	0.001968
37175	0.006185
37177	0.000180
37179	0.025457
37181	0.011377
37183	0.270230
37185	0.000028
37187	0.001554
37189	0.020240
37191	0.064132
37193	0.011723
37195	0.033651
37197	0.002207
37199	0.002211
38001	0.000465
38003	0.001544
38005	0.000151
38009	0.000478
38011	0.000051
38013	0.000020
38015	0.052088
38017	0.057168
38019	0.000153
38021	0.001378
38023	0.000062
38025	0.000077
38027	0.000123
38029	0.000103
38031	0.000216
38033	0.000099
38035	0.022115
38037	0.000059
38039	0.000152
38041	0.000076
38043	0.000101
38045	0.000151
38047	0.000089
38049	0.000154
38051	0.000235
38053	0.000202
38055	0.000409
38057	0.000536
38059	0.003060
38061	0.000329
38063	0.000203
38065	0.000020
38067	0.000636
38069	0.000343
38071	0.002450
38073	0.000623
38075	0.000085
38077	0.001804
38079	0.000478
38081	0.000115
38083	0.000016
38085	0.000300
38089	0.004049
38091	0.000005
38093	0.005091
38095	0.000148
38097	0.000701
38099	0.000729
38101	0.012668
38103	0.000896
38105	0.003212
39001	0.002814
39003	0.055935
39005	0.006498
39007	0.019469
39009	0.008959
39011	0.007294
39013	0.010457
39015	0.004016
39017	0.065986
39019	0.000586
39021	0.001449
39023	0.032002
39025	0.039952
39027	0.007039
39029	0.018351
39031	0.003785
39033	0.005533
39035	0.531892
39037	0.011938
39039	0.008529
39041	0.016442
39043	0.035882
39045	0.024246
39047	0.001734
39049	0.420019
39051	0.004184
39053	0.017114
39055	0.016262
39057	0.016535
39059	0.007828
39061	0.332742
39063	0.029390
39065	0.002176
39067	0.000342
39069	0.001777
39071	0.005783
39073	0.001301
39075	0.001400
39077	0.011934
39079	0.003600
39081	0.022345
39083	0.007607
39085	0.053518
39087	0.007208
39089	0.022659
39091	0.005840
39093	0.066402
39095	0.193527
39097	0.002053
39099	0.105186
39101	0.024655
39103	0.023167
39105	0.001381
39107	0.004334
39109	0.015811
39111	0.000630
39113	0.211251
39115	0.000675
39117	0.001965
39119	0.031640
39121	0.000425
39123	0.003116
39125	0.000648
39127	0.001936
39129	0.008770
39131	0.002272
39133	0.016615
39135	0.008210
39137	0.002803
39139	0.046288
39141	0.017146
39143	0.005386
39145	0.063825
39147	0.007174
39149	0.007986
39151	0.127980
39153	0.134517
39155	0.036617
39157	0.016459
39159	0.004780
39161	0.003746
39163	0.000263
39165	0.029354
39167	0.026287
39169	0.017045
39171	0.007707
39173	0.016198
39175	0.001567
40001	0.002041
40003	0.000269
40005	0.000855
40007	0.000060
40009	0.006666
40011	0.000499
40013	0.010711
40015	0.001045
40017	0.005807
40019	0.023638
40021	0.009964
40023	0.004392
40025	0.000098
40027	0.045774
40029	0.000612
40031	0.034305
40033	0.000098
40035	0.001647
40037	0.004003
40039	0.004969
40041	0.007301
40043	0.000343
40045	0.000445
40047	0.030274
40049	0.003165
40051	0.005405
40053	0.001121
40055	0.000330
40057	0.000713
40059	0.000228
40061	0.001618
40063	0.000635
40065	0.005486
40067	0.000465
40069	0.001062
40071	0.010683
40073	0.001451
40075	0.001052
40077	0.002977
40079	0.004777
40081	0.002044
40083	0.001538
40085	0.000111
40087	0.003028
40089	0.002666
40091	0.001626
40093	0.000288
40095	0.001208
40097	0.004350
40099	0.001567
40101	0.032978
40103	0.000753
40105	0.000449
40107	0.000378
40109	0.369419
40111	0.004466
40113	0.000854
40115	0.005321
40117	0.001192
40119	0.015662
40121	0.014365
40123	0.009733
40125	0.012390
40127	0.001254
40129	0.000010
40131	0.010411
40133	0.003637
40135	0.001900
40137	0.010375
40139	0.001571
40141	0.000707
40143	0.267382
40145	0.002499
40147	0.019304
40149	0.000288
40151	0.000872
40153	0.003913
41001	0.002050
41003	0.013062
41005	0.019266
41007	0.004671
41009	0.001149
41011	0.023503
41013	0.001297
41015	0.007362
41017	0.068549
41019	0.024542
41021	0.000052
41023	0.000148
41025	0.000532
41027	0.002466
41029	0.085948
41031	0.000872
41033	0.016643
41035	0.012490
41037	0.000468
41039	0.085125
41041	0.003639
41043	0.006671
41045	0.004916
41047	0.054174
41049	0.000142
41051	0.119554
41053	0.001570
41055	0.000039
41057	0.000411
41059	0.014887
41061	0.004124
41063	0.000568
41065	0.005965
41067	0.061017
41069	0.000007
41071	0.010174
42001	0.020367
42003	0.357271
42005	0.006393
42007	0.020100
42009	0.003605
42011	0.118202
42013	0.044116
42015	0.036934
42017	0.212533
42019	0.020185
42021	0.033624
42023	0.000532
42025	0.015236
42027	0.024688
42029	0.135932
42031	0.004770
42033	0.024584
42035	0.005209
42037	0.009070
42039	0.018951
42041	0.097422
42043	0.074483
42045	0.231619
42047	0.007206
42049	0.088048
42051	0.021711
42053	0.000190
42055	0.042988
42057	0.001215
42059	0.002936
42061	0.005151
42063	0.010904
42065	0.009530
42067	0.001548
42069	0.122629
42071	0.124627
42073	0.016196
42075	0.027829
42077	0.156638
42079	0.135936
42081	0.035071
42083	0.008921
42085	0.026748
42087	0.010277
42089	0.042012
42091	0.613171
42093	0.027688
42095	0.120684
42097	0.013605
42099	0.002234
42101	0.542766
42103	0.009177
42105	0.002586
42107	0.041106
42109	0.009247
42111	0.005539
42113	0.000605
42115	0.005516
42117	0.004884
42119	0.016585
42121	0.016431
42123	0.011401
42125	0.028747
42127	0.008534
42129	0.059425
42131	0.003102
42133	0.121329
44001	0.005214
44003	0.044676
44005	0.014111
44007	0.227479
44009	0.044122
45001	0.002270
45003	0.050040
45005	0.000436
45007	0.077651
45009	0.001968
45011	0.001917
45013	0.078037
45015	0.014706
45017	0.000034
45019	0.255093
45021	0.012653
45023	0.003595
45025	0.003994
45027	0.009229
45029	0.012036
45031	0.011852
45033	0.005059
45035	0.019566
45037	0.002763
45039	0.001098
45041	0.106413
45043	0.028026
45045	0.188806
45047	0.031519
45049	0.003287
45051	0.164855
45053	0.007851
45055	0.016576
45057	0.021514
45059	0.010720
45061	0.000834
45063	0.080327
45065	0.000036
45067	0.009506
45069	0.004630
45071	0.007079
45073	0.025756
45075	0.028150
45077	0.025787
45079	0.179725
45081	0.000092
45083	0.088123
45085	0.039196
45087	0.003013
45089	0.002893
45091	0.053915
46003	0.000037
46005	0.002615
46007	0.000136
46009	0.000267
46011	0.002893
46013	0.023498
46015	0.000436
46017	0.000157
46019	0.000305
46021	0.000026
46023	0.000974
46025	0.000154
46027	0.001200
46029	0.009021
46031	0.000018
46033	0.000248
46035	0.008515
46037	0.000378
46039	0.000115
46041	0.000098
46043	0.000052
46045	0.000157
46047	0.000580
46049	0.000054
46051	0.000777
46053	0.000417
46055	0.000139
46057	0.000120
46059	0.000273
46063	0.000026
46065	0.003915
46067	0.000413
46069	0.000033
46071	0.000047
46073	0.000087
46075	0.000023
46077	0.000556
46079	0.001065
46081	0.004682
46083	0.024733
46085	0.000071
46087	0.000664
46089	0.000188
46091	0.000283
46093	0.001288
46095	0.000043
46097	0.000211
46099	0.071538
46101	0.000182
46103	0.050682
46105	0.000291
46107	0.001141
46109	0.000299
46111	0.000040
46113	0.000401
46115	0.000079
46117	0.000007
46119	0.000018
46121	0.000501
46123	0.000739
46125	0.000335
46127	0.014809
46129	0.000347
46135	0.010541
47001	0.032140
47003	0.005139
47005	0.002113
47007	0.000709
47009	0.024770
47011	0.030685
47013	0.007282
47015	0.001316
47017	0.008273
47019	0.007016
47021	0.001619
47023	0.001894
47025	0.003966
47027	0.001122
47029	0.003723
47031	0.030177
47033	0.001402
47035	0.030229
47037	0.446597
47039	0.002565
47041	0.002398
47043	0.012750
47045	0.020081
47047	0.002495
47049	0.006371
47051	0.008427
47053	0.010239
47055	0.005289
47057	0.001030
47059	0.013395
47061	0.001376
47063	0.030186
47065	0.206114
47067	0.001051
47069	0.002906
47071	0.007430
47073	0.004590
47075	0.003122
47077	0.006015
47079	0.015633
47081	0.000873
47083	0.001151
47085	0.002871
47087	0.000749
47089	0.007186
47091	0.001668
47093	0.262384
47095	0.000818
47097	0.002097
47099	0.010614
47101	0.000720
47103	0.002976
47105	0.005599
47107	0.010569
47109	0.004511
47111	0.003421
47113	0.103856
47115	0.003188
47117	0.003284
47119	0.035451
47121	0.000333
47123	0.006006
47125	0.030615
47127	0.000260
47129	0.003328
47131	0.006654
47133	0.004187
47135	0.001717
47137	0.001971
47139	0.001475
47141	0.042933
47143	0.004816
47145	0.008189
47147	0.007079
47149	0.053268
47151	0.004697
47153	0.001601
47155	0.011328
47157	0.426785
47159	0.002838
47161	0.000999
47163	0.082470
47165	0.028589
47167	0.005449
47169	0.000856
47171	0.002354
47173	0.001169
47175	0.000187
47177	0.000059
47179	0.066812
47181	0.003217
47183	0.010510
47185	0.005472
47187	0.066469
47189	0.018065
48001	0.016334
48003	0.000837
48005	0.041997
48007	0.003921
48009	0.000151
48011	0.000137
48013	0.004006
48015	0.002210
48017	0.000635
48019	0.000976
48021	0.004708
48023	0.000332
48025	0.003788
48027	0.059530
48029	0.582133
48031	0.000857
48035	0.000709
48037	0.071305
48039	0.034462
48041	0.060409
48043	0.000599
48045	0.000013
48047	0.000496
48049	0.015540
48051	0.000248
48053	0.014868
48055	0.002609
48057	0.001720
48059	0.000526
48061	0.108332
48063	0.001575
48065	0.000200
48067	0.001581
48069	0.000046
48071	0.000871
48073	0.004818
48075	0.000637
48077	0.000586
48079	0.000116
48081	0.000047
48083	0.000380
48085	0.173336
48087	0.000193
48089	0.008851
48091	0.033687
48093	0.003138
48095	0.000091
48097	0.003962
48099	0.002514
48101	0.000058
48103	0.000136
48105	0.000163
48107	0.000159
48109	0.000012
48111	0.000120
48113	1.036621
48115	0.000495
48117	0.000323
48119	0.000022
48121	0.119106
48123	0.001058
48125	0.000056
48127	0.002868
48129	0.000229
48131	0.000197
48133	0.001709
48135	0.042249
48137	0.000095
48139	0.019163
48141	0.164798
48143	0.006042
48145	0.000866
48147	0.002197
48149	0.005606
48151	0.000049
48153	0.000187
48155	0.000066
48157	0.078515
48159	0.000468
48161	0.002644
48163	0.000443
48165	0.002039
48167	0.050717
48169	0.000243
48171	0.016034
48175	0.000184
48177	0.001408
48179	0.003998
48181	0.079883
48183	0.068513
48185	0.001616
48187	0.022252
48189	0.004997
48191	0.000194
48193	0.000961
48195	0.000343
48197	0.000289
48199	0.002802
48201	1.300968
48203	0.008052
48207	0.000409
48209	0.029559
48211	0.000313
48213	0.016900
48215	0.242506
48217	0.001565
48219	0.001109
48221	0.010996
48223	0.009098
48225	0.001949
48227	0.006418
48229	0.000040
48231	0.020374
48233	0.001272
48235	0.000103
48237	0.000388
48239	0.000801
48241	0.006023
48243	0.000213
48245	0.119018
48247	0.000719
48249	0.009303
48251	0.021095
48253	0.000889
48255	0.001346
48257	0.007171
48259	0.005088
48263	0.000091
48265	0.029212
48267	0.000311
48271	0.000076
48273	0.004375
48275	0.000251
48277	0.035712
48279	0.000732
48281	0.004052
48283	0.000225
48285	0.002556
48287	0.001080
48289	0.000580
48291	0.008198
48293	0.002058
48295	0.000056
48297	0.000030
48299	0.001812
48303	0.144129
48305	0.000314
48307	0.000600
48309	0.062831
48313	0.000678
48315	0.000490
48317	0.000067
48319	0.000086
48321	0.006976
48323	0.010932
48325	0.002944
48327	0.000082
48329	0.051662
48331	0.001085
48333	0.000313
48335	0.000315
48337	0.001127
48339	0.119474
48341	0.001263
48343	0.000647
48345	0.000052
48347	0.027937
48349	0.008189
48351	0.000223
48353	0.001426
48355	0.127210
48357	0.000467
48359	0.000014
48361	0.005743
48363	0.003931
48365	0.001094
48367	0.020926
48369	0.000235
48371	0.001578
48373	0.009462
48375	0.130626
48377	0.000152
48379	0.000248
48381	0.014641
48383	0.000095
48385	0.000251
48387	0.001442
48389	0.000673
48391	0.000027
48395	0.000626
48397	0.012504
48399	0.000385
48401	0.008586
48403	0.001446
48405	0.000533
48407	0.000216
48409	0.005876
48411	0.000205
48413	0.000045
48415	0.000726
48417	0.000264
48419	0.001644
48421	0.000128
48423	0.198284
48425	0.001541
48427	0.002974
48429	0.000353
48431	0.000052
48433	0.000118
48435	0.000404
48437	0.000126
48439	0.470251
48441	0.071614
48443	0.000037
48445	0.000754
48447	0.000045
48449	0.010046
48451	0.048124
48453	0.436420
48455	0.000389
48457	0.001236
48459	0.002648
48461	0.000052
48463	0.005831
48465	0.005614
48467	0.001316
48469	0.057720
48471	0.009374
48473	0.001458
48475	0.000249
48477	0.005716
48479	0.058839
48481	0.007074
48483	0.000186
48485	0.071032
48487	0.001349
48489	0.004414
48491	0.074801
48493	0.002313
48495	0.000237
48497	0.010692
48499	0.004321
48501	0.000071
48503	0.003464
48505	0.001063
48507	0.000207
49001	0.000140
49003	0.002976
49005	0.012792
49007	0.003681
49011	0.027223
49013	0.001820
49015	0.000297
49017	0.000232
49019	0.000540
49021	0.005138
49023	0.000810
49025	0.000279
49027	0.000767
49029	0.000239
49031	0.000020
49033	0.000141
49035	0.231279
49037	0.000464
49039	0.001636
49041	0.001874
49043	0.002082
49045	0.004054
49047	0.001367
49049	0.060744
49051	0.000907
49053	0.047962
49055	0.000067
49057	0.053710
50001	0.003943
50003	0.012531
50005	0.008263
50007	0.053240
50009	0.000081
50011	0.007200
50013	0.000122
50015	0.003157
50017	0.001507
50019	0.003852
50021	0.014925
50023	0.010567
50025	0.008200
50027	0.005889
51001	0.003338
51003	0.038529
51005	0.004881
51007	0.001988
51009	0.002241
51011	0.002151
51013	0.050031
51015	0.025151
51017	0.000202
51019	0.011167
51021	0.000893
51023	0.002217
51025	0.001073
51027	0.002463
51029	0.001361
51031	0.003075
51033	0.000697
51035	0.002266
51036	0.000068
51037	0.000793
51041	0.114685
51043	0.000497
51045	0.000131
51047	0.009568
51049	0.000014
51051	0.002390
51053	0.000610
51057	0.003280
51059	0.278203
51061	0.013623
51063	0.000946
51065	0.001186
51067	0.005351
51069	0.006446
51071	0.002030
51073	0.007135
51075	0.000805
51077	0.000981
51079	0.000630
51081	0.005858
51083	0.013613
51085	0.033174
51087	0.163582
51089	0.001262
51091	0.000119
51093	0.002010
51095	0.047787
51097	0.000371
51099	0.000966
51101	0.001260
51103	0.006752
51105	0.002310
51107	0.038477
51109	0.002009
51111	0.000500
51113	0.000785
51115	0.000720
51117	0.008634
51119	0.001027
51121	0.027617
51125	0.001233
51127	0.001150
51131	0.005650
51133	0.001684
51135	0.002075
51137	0.003899
51139	0.001374
51141	0.000694
51143	0.001111
51145	0.001201
51147	0.007625
51149	0.002819
51153	0.043761
51155	0.006454
51157	0.000323
51159	0.001374
51161	0.035249
51163	0.000163
51165	0.002548
51167	0.008766
51169	0.001913
51171	0.004445
51173	0.009387
51175	0.000408
51177	0.018134
51179	0.014746
51181	0.000060
51183	0.000225
51185	0.016696
51187	0.005204
51191	0.016902
51193	0.001683
51195	0.007283
51197	0.008800
51199	0.005240
51510	0.040448
51520	0.001335
51530	0.000218
51540	0.061621
51550	0.056455
51570	0.012882
51580	0.001224
51590	0.040426
51600	0.023128
51610	0.002535
51620	0.003971
51630	0.057299
51640	0.010021
51650	0.049087
51660	0.032189
51670	0.010395
51678	0.004588
51680	0.069637
51683	0.021475
51690	0.017877
51700	0.084885
51710	0.122900
51720	0.006107
51730	0.010831
51735	0.000325
51740	0.034576
51750	0.002864
51760	0.249643
51770	0.070318
51775	0.040919
51790	0.008263
51800	0.036689
51810	0.151022
51820	0.005948
51830	0.000007
51840	0.062900
53001	0.000469
53003	0.005521
53005	0.069041
53007	0.029710
53009	0.019583
53011	0.056107
53013	0.000222
53015	0.015172
53017	0.002287
53019	0.000109
53021	0.005735
53023	0.000164
53025	0.008014
53027	0.014698
53029	0.006104
53031	0.005045
53033	0.581126
53035	0.078071
53037	0.003134
53039	0.000296
53041	0.016642
53043	0.000487
53045	0.003425
53047	0.002952
53049	0.001905
53051	0.000520
53053	0.186121
53055	0.002215
53057	0.027830
53059	0.000377
53061	0.086749
53063	0.198953
53065	0.003994
53067	0.071054
53069	0.000044
53071	0.018043
53073	0.039195
53075	0.005197
53077	0.050803
54001	0.001201
54003	0.016808
54005	0.002617
54007	0.001227
54009	0.001490
54011	0.073174
54013	0.000517
54015	0.000939
54017	0.000876
54019	0.007468
54021	0.000487
54023	0.001318
54025	0.021047
54027	0.002791
54029	0.010812
54031	0.001130
54033	0.026502
54035	0.003796
54037	0.002847
54039	0.115040
54041	0.003486
54043	0.001018
54045	0.008838
54047	0.002034
54049	0.022370
54051	0.005298
54053	0.005634
54055	0.030085
54057	0.002532
54059	0.002172
54061	0.053757
54063	0.001275
54065	0.000788
54067	0.005327
54069	0.023690
54071	0.000403
54073	0.000580
54075	0.000643
54077	0.001871
54079	0.007859
54081	0.048991
54083	0.008094
54085	0.000441
54087	0.001244
54089	0.001376
54091	0.000915
54093	0.000327
54095	0.000386
54097	0.003513
54099	0.002591
54101	0.000112
54103	0.001491
54105	0.000151
54107	0.038788
54109	0.002587
55001	0.000099
55003	0.004310
55005	0.009789
55007	0.000732
55009	0.059474
55011	0.000316
55013	0.000543
55015	0.000501
55017	0.004976
55019	0.001122
55021	0.006065
55023	0.001437
55025	0.144297
55027	0.009160
55029	0.002737
55031	0.001819
55033	0.002281
55035	0.043891
55037	0.000050
55039	0.014167
55041	0.000453
55043	0.003206
55045	0.005652
55047	0.001026
55049	0.001567
55051	0.000244
55053	0.001506
55055	0.006166
55057	0.001423
55059	0.024498
55061	0.000925
55063	0.045528
55065	0.000478
55067	0.001277
55069	0.002097
55071	0.013321
55073	0.039967
55075	0.010302
55077	0.000334
55078	0.000281
55079	0.340141
55081	0.002397
55083	0.001183
55085	0.019061
55087	0.028358
55089	0.014103
55091	0.000542
55093	0.002391
55095	0.005667
55097	0.006360
55099	0.001109
55101	0.035473
55103	0.002428
55105	0.026763
55107	0.001236
55109	0.003838
55111	0.007982
55113	0.002370
55115	0.002496
55117	0.022660
55119	0.000425
55121	0.000686
55123	0.001523
55125	0.001401
55127	0.010177
55129	0.001741
55131	0.013529
55133	0.089536
55135	0.004015
55137	0.001208
55139	0.030253
55141	0.048746
56001	0.003666
56003	0.000441
56005	0.002331
56007	0.000439
56009	0.000882
56011	0.000210
56013	0.006240
56015	0.001449
56017	0.000372
56019	0.000265
56021	0.029385
56023	0.001933
56025	0.030831
56027	0.000034
56029	0.007306
56031	0.000963
56033	0.006182
56035	0.000525
56037	0.004790
56039	0.003936
56041	0.002438
56043	0.000706
56045	0.000260
60001	0.000011
66010	0.009829
69010	0.003014
72001	0.000244
72003	0.000709
72005	0.002616
72007	0.000104
72009	0.001100
72011	0.000176
72013	0.003943
72015	0.000127
72017	0.000208
72019	0.000133
72021	0.014340
72023	0.000606
72025	0.009186
72027	0.000261
72029	0.000581
72031	0.005062
72033	0.000305
72035	0.001777
72037	0.000026
72039	0.000276
72041	0.000406
72043	0.000300
72045	0.000105
72047	0.000599
72049	0.000000
72051	0.000540
72053	0.001235
72054	0.000065
72055	0.000040
72057	0.000882
72059	0.000314
72061	0.006704
72063	0.000444
72065	0.000649
72067	0.000108
72069	0.001956
72071	0.000407
72073	0.000032
72075	0.000899
72077	0.000268
72079	0.000294
72081	0.000478
72083	0.000019
72085	0.000303
72087	0.000039
72089	0.000207
72091	0.003917
72095	0.000045
72097	0.007747
72099	0.000429
72101	0.000149
72103	0.000088
72105	0.000159
72107	0.000145
72109	0.000129
72111	0.000079
72113	0.011952
72115	0.000506
72117	0.000120
72119	0.000348
72121	0.000385
72123	0.000253
72125	0.001460
72127	0.057421
72129	0.000237
72131	0.000571
72133	0.000156
72135	0.000344
72137	0.000805
72139	0.000636
72141	0.000139
72143	0.000288
72145	0.000875
72147	0.000009
72149	0.000074
72151	0.000293
72153	0.000690
78010	0.006600
78020	0.000048
78030	0.006056