NPI	TotalPayment
1902877129	1416706.7223
1356389647	1275195.7937
1235125535	1019434.543
1942394499	999238.002
1710916663	910025.6478
1790758944	858565.5429
1275679755	825807.0708
1073682910	754871.1083
1639140403	737332.0194
1619915295	736416.984
1962449140	734148.6089
1255333415	722834.0983
1326072463	683179.792
1538119490	679388.7043
1366455529	642832.5471
1134218399	611969.5234
1558477661	595615.362
1881647048	590712.382
1154390193	589016.7137
1346276656	582447.3565
1043313000	569208.7914
1326019407	561536.6879
1720036528	560601.6246
1659355295	555759.3726
1790787331	555526.2242
1568451490	552297.6755
1992704035	550407.2028
1518044387	542961.82
1295813996	532440.3671
1265492128	530863.9075
1023032646	528880.2771
1346546496	528137.2339
1346294642	504685.1312
1518117233	502443.9241
1043260136	494297.8739
1750346011	488912.1484
1740220193	488078.3597
1275517211	487415.9595
1932321098	484684.4478
1215933825	481480.3701
1700896750	476377.2936
1871526343	474197.2176
1407814569	458352.1717
1336161322	450377.2292
1407855083	450274.9877
1235210097	449524.0021
1699710483	448898.0071
1255447421	443916.4439
1871560169	439094.9489
1386602431	438308.8031
1982884714	436414.8149
1366544405	434229.4649
1972664902	433153.497
1699738351	432417.7334
1649339441	426437.5756
1093887705	425903.1925
1285732651	420743.7966
1427212638	419543.7347
1073560512	417774.3162
1831175447	412334.3657
1689811978	410968.6945
1659314607	410914.9338
1922007962	410297.6409
1225062912	410102.7801
1306899570	408752.0999
1912959305	405306.6238
1548234073	400095.6439
1245307305	397679.25
1164450672	396900.7349
1811996036	396110.4122
1760597710	394965.4446
1063464840	394735.986
1457306953	394523.4607
1811080716	392530.3166
1558477570	391501.7205
1235176074	389546.0698
1003923426	384067.387
1477574127	382652.4042
1790724417	380864.7038
1871547505	380313.291
1093780926	379295.7245
1255347811	378593.4682
1568426781	377825.2398
1922180330	377256.9728
1548292832	375338.8891
1245313618	374426.0611
1184683849	372331.7682
1538157045	369786.6911
1942249008	367965.7467
1235315995	367322.1977
1437124419	363440.9251
1790737781	359965.0553
1437143013	359307.2566
1134110448	354864.9374
1215946603	354239.3071
1962467563	353581.3779
1316971005	353414.1091
1922197268	348995.3677
1013051705	347160.1524
1376632976	346531.2857
1235295999	346200.0311
1063453876	341229.3504
1144276361	340967.2727
1760431076	340360.1749
1700925211	340115.3675
1699743070	338622.4589
1891798476	338481.3296
1003881699	336998.6259
1588704381	336231.7924
1578563912	334315.5036
1992730725	332950.3556
1508997982	331961.8732
1528069481	331125.9363
1275550964	330553.3112
1336102284	330496.3494
1134275928	330288.3055
1811067275	328819.3177
1437228731	328062.3437
1023123015	328002.8746
1255330361	325356.278
1265401335	324534.2327
1831211861	323793.9008
1750449880	323319.1462
1265603054	322466.6946
1952359440	321560.1178
1831133693	320265.439
1114033826	318679.1332
1851457717	316548.8932
1346223500	316460.4637
1336135599	313944.7443
1518923515	312528.6035
1811911852	312121.8604
1023004587	311972.3236
1578511176	306858.9896
1104025139	306382.1485
1447228762	306262.7147
1306887807	304217.1255
1295784031	303448.2499
1245206655	302606.422
1952357436	302543.0614
1114949211	302159.4988
1487763025	302149.1055
1124023031	300306.1849
1851483119	299895.423
1275623233	299390.5962
1013903509	298815.6655
1821057324	297336.588
1528111341	296304.9537
1720038979	295989.1902
1003870239	295664.0519
1376728113	295289.554
1699768416	292763.6951
1962557686	291615.6544
1275699209	290226.6717
1831345123	289915.4246
1952337172	289590.2441
1619911211	288707.03
1346290707	288283.5496
1740386051	287493.3104
1578550752	286260.0474
1568434942	285684.5878
1407944309	283623.8525
1164510772	279432.7386
1225018203	279149.6792
1700872272	279037.1847
1679704969	277598.7764
1093708034	277569.1476
1255371498	277119.0493
1316946288	276875.1532
1306876594	276871.3261
1801896261	276697.7585
1144307729	275509.7335
1619054228	273907.4979
1982672275	273217.1261
1568453876	272915.243
1588694343	272799.1612
1730370586	272232.7578
1538196043	271682.5225
1871715540	271591.0945
1194772509	270863.0288
1013954999	270003.1785
1386660322	269995.5181
1700985777	268834.0844
1821023714	268231.3276
1821275082	268207.2235
1881631919	266850.7491
1275544009	266112.6648
1700850625	263719.2321
1275502346	263435.8466
1053490920	261996.1921
1225267305	261937.5478
1972609253	261233.7315
1649274119	261054.7352
1568419570	260620.407
1780636944	260324.0235
1578781977	260298.2766
1790771434	258322.7506
1417968132	257867.4302
1053311407	257859.6198
1831138528	256534.8791
1386803427	255949.4553
1124071139	255599.5295
1720035132	255435.565
1285619056	254230.1922
1457346744	253634.4111
1710910518	253192.8878
1053561118	252561.7131
1922191477	250640.1904
1811147887	249593.3784
1477605087	249575.5331
1124038815	249522.716
1770526279	248875.9939
1386768588	248404.95
1689863029	247839.4076
1144395849	247562.2783
1649322439	246567.033
1063585032	246527.357
1124171459	245668.2009
1093723868	245447.5287
1982769980	245199.9511
1366443731	244088.0801
1023299799	244054.7037
1871501825	242420.0783
1164412508	242167.4386
1306995808	241855.1374
1013043959	241818.9834
1790780765	241638.5167
1902864408	241335.8059
1649255159	240120.3705
1447351192	239977.595
1619914736	239714.5543
1225021470	237449.0897
1457430852	236399.0859
1467495648	236017.057
1184670671	235938.6683
1558320879	235751.6163
1851344766	235326.952
1497878128	234672.0714
1790884401	233876.5083
1629040019	232987.9978
1487742409	232889.5752
1407865975	232774.9777
1316938897	232270.9915
1700823192	229876.6976
1093851164	229047.6929
1962498451	228915.8756
1154314300	228863.9876
1598847873	228324.6437
1124134879	227615.2333
1972543239	226869.7213
1952498248	225977.2461
1992704100	225460.2275
1265437230	224937.7126
1124140207	224826.758
1477543692	224754.1149
1215005822	224029.2672
1043324643	223723.7843
1922151752	223623.1006
1417906637	223262.7934
1316988397	222423.2956
1679505051	222067.4458
1083649990	221986.6306
1285892455	221559.4922
1295771624	221542.0901
1508925041	221160.9235
1700877024	220680.6539
1033146840	220205.4932
1225086580	219606.4798
1972563229	219260.9746
1366594194	219080.0765
1992752299	219066.6763
1659480739	218924.6466
1740322825	218595.2277
1770540163	218563.2001
1831166255	218383.0224
1689660763	218196.3119
1801821236	218130.0712
1376704676	217379.2893
1285608315	217312.0649
1033183793	216992.075
1578569505	215187.3233
1588684674	215183.8095
1649201039	214956.6356
1033115423	214927.1806
1942475298	214871.8211
1205941127	214693.7485
1992963243	214665.81
1043278120	214439.3472
1841243334	214242.1775
1669523825	213132.8405
1891894572	212752.3206
1710982764	212411.5737
1831114560	212114.6183
1043363708	212041.9475
1639283955	211963.8215
1134153828	211900.0427
1508816901	211360.4673
1811944226	211277.5641
1902859036	210915.3805
1235196635	210525.5092
1780763805	210357.1451
1073655056	209024.1367
1063450757	208851.995
1396845848	208444.1851
1790941490	208393.0628
1063605814	208368.4487
1174578934	208252.2058
1336200500	207806.7033
1932181401	207421.1894
1497866784	206443.4119
1083812465	206233.3065
1417169376	206191.0745
1861588360	205902.7243
1114959947	205881.2149
1972695526	205545.3639
1962428995	204939.826
1881621043	204462.5692
1548213150	204152.4455
1114981032	204045.5024
1740275015	204022.5173
1780677211	203926.3455
1972609022	203605.2316
1053348482	203465.5758
1679758437	203342.6681
1316902919	203289.505
1073511267	203133.5617
1982610861	202525.6109
1205846300	202449.209
1225181068	202309.384
1134188287	202268.0589
1689649659	201847.565
1396939914	201346.9146
1689976649	201237.0367
1972771848	200973.6242
1093941395	200952.0534
1942255377	200556.7107
1356388524	200099.1236
1881699080	199941.9021
1770581092	199688.2749
1437224128	199290.7456
1760455802	199288.4709
1225076953	198934.9106
1922143890	198767.3265
1710903331	198631.4522
1336102250	198429.5325
1306832803	198067.7932
1275616914	197997.141
1225102478	197683.3515
1013948470	197226.6218
1417052267	196845.839
1730303439	196825.0262
1750389201	195433.3851
1073513305	195420.399
1720033160	195384.8669
1225100209	194996.0539
1437221629	194963.1107
1518166461	194534.6405
1538354295	194482.2693
1841456530	194465.3743
1548285042	194064.6628
1902900319	193800.4542
1881728509	193050.3263
1447205869	192793.9173
1477509347	192693.7612
1720083777	192334.0984
1811987647	192276.7326
1497758114	192142.2172
1508823998	191473.2034
1457319477	191446.0938
1760430557	191180.3791
1588700926	189419.1597
1659347326	189392.4897
1649431586	189113.0877
1285628768	188972.7535
1154307213	188027.3779
1568474674	187661.1957
1518995927	187445.1285
1508831918	186680.2523
1588745418	186655.0959
1801968805	186183.7955
1023157260	186183.4268
1811074503	186038.2973
1811085822	186022.532
1174572911	185849.9877
1902894918	185544.8687
1255373197	185079.7443
1083690093	184968.8378
1568629822	183938.1733
1437230257	182969.7254
1275501579	182471.1962
1326076191	182240.308
1104002872	181995.5702
1881624377	181984.5146
1124021795	181460.4187
1801820691	180385.2724
1841298395	180182.0068
1861538712	179568.174
1518976737	179433.4308
1255307104	179213.9129
1558387654	178849.7744
1629059902	178568.3042
1447229885	178561.8418
1780668244	178245.84
1538254511	177596.9899
1972506665	177401.2567
1326073750	176995.4399
1881680387	176933.6604
1811951197	176396.6604
1659346161	176263.6477
1235136961	175982.6835
1982603924	175772.0678
1083700991	175541.8655
1114099173	175369.6938
1316978117	175367.4733
1447246822	175312.9217
1851307409	175272.9865
1093792707	175057.7548
1700981917	174549.299
1578527735	174276.2307
1710073952	173940.4645
1164534137	173920.1215
1023067311	173879.4407
1912135377	173735.0446
1225105281	173185.3699
1902008006	173135.4503
1992817191	172670.8903
1619162955	172670.258
1043213747	172615.4362
1588606222	172176.196
1033179940	172131.1988
1184630626	172086.844
1689786410	171306.7139
1639122583	170951.1171
1720088107	170899.2798
1811061567	170661.1251
1184818791	170481.8382
1023190063	170357.61
1942362835	170007.0026
1104096940	169519.5457
1114179702	168862.7486
1669585857	168850.535
1821019506	168536.5533
1912993429	168526.1507
1831140490	168138.3055
1326142654	167217.161
1215044508	167170.7883
1447266176	167076.108
1467674754	166821.0893
1568608180	166709.2351
1194877142	166101.3007
1326246356	165952.952
1376503557	165767.6275
1932173267	165692.6146
1457328874	165670.6556
1659482933	165348.3486
1982709879	165144.9897
1154347128	165118.251
1801887369	164764.002
1497730501	164225.6042
1053323758	164186.5576
1427153618	164008.3905
1841584992	163941.7721
1194783217	163734.1905
1811948185	163623.1781
1437175015	162618.186
1194836924	162307.3494
1053339499	162179.105
1962452193	162142.9008
1346287315	162095.8071
1407092562	161877.4543
1710994215	161798.9387
1740485929	161693.8453
1194892158	161680.3685
1346228954	161677.2395
1245269794	161221.4937
1275511883	160977.3869
1932250446	160783.23
1770741944	160559.6097
1033131008	160370.9097
1417022583	160027.2903
1891853016	159848.3226
1093735144	158162.0809
1003052150	157872.3185
1326151796	157770.9432
1851483812	157609.302
1225093750	157423.0072
1043387004	157280.9797
1679548622	156742.3923
1578637245	156412.1713
1255433728	156401.4836
1568531564	156056.766
1235390154	155941.5683
1609032127	155861.8843
1467450999	155399.2087
1669487310	154868.0405
1285670232	154801.9371
1194824953	154315.3819
1083773295	154083.2106
1164672424	153929.9754
1992769822	153896.0948
1366529505	153357.3349
1235185299	152937.3426
1275645871	152619.1076
1700882107	152490.3892
1699739474	151809.3604
1699852939	151797.0406
1154346013	151261.5324
1184770208	151252.491
1265468557	150998.4263
1821166554	150828.0422
1083821565	150806.7909
1144257395	150748.8162
1841238979	150646.0754
1912977174	150417.8685
1588766646	150412.914
1134142193	150324.4632
1992901300	149683.4126
1922119643	149412.3731
1225243462	148744.1475
1457465676	148609.9779
1609929462	148216.4251
1699865568	148142.956
1992754840	147511.1577
1548371305	147481.0727
1487630513	147467.8958
1477660371	147192.7192
1336292168	147073.0971
1083693378	147067.5634
1164499596	146482.2322
1154367167	146374.1698
1144253048	145365.0795
1548371982	144745.4171
1114170073	144721.6294
1265465108	144603.303
1386738060	144576.1443
1366471856	144404.0517
1235184003	144305.8067
1346232493	143925.318
1235141359	143914.3913
1952455362	143443.8981
1770564122	143026.8981
1235106022	142977.1276
1629084116	142597.6061
1457301871	142315.0103
1588633192	142183.6978
1568509206	141026.4225
1386808913	140643.2385
1841293412	140366.7437
1750568150	140334.5435
1528360021	139607.3209
1932155025	139570.7882
1972577013	139419.7936
1295873560	139073.282
1568435584	138948.0571
1003996794	138582.6544
1508004367	138518.7916
1033373717	138438.0786
1780785402	138356.8203
1740598705	138315.7279
1356393300	138241.2616
1326266107	138047.511
1073537643	137773.3016
1750557815	137751.3739
1043257330	137700.301
1174721070	137504.9114
1306958798	137499.7142
1619939212	137390.9992
1295929628	137106.0966
1023192671	136987.4437
1467616128	136930.7268
1710097779	136868.5406
1285718833	136215.4914
1437141108	136153.8829
1841278173	136097.8008
1235132952	135721.9487
1801987565	135711.0772
1861569832	135671.8579
1194876029	135550.665
1811164916	135360.0463
1114985264	135186.1101
1376580381	135098.493
1629188834	134965.8907
1275612343	134736.8371
1922338185	134696.6105
1225078264	134670.9451
1366435901	134531.1286
1881851152	134484.6593
1689672933	134466.3847
1508808999	134419.5094
1275575136	134365.2845
1336280122	134339.639
1437295144	134284.0111
1851337026	134178.7655
1336303965	134165.2387
1801877337	134135.6774
1447347802	133759.5049
1659537298	133348.6647
1821156548	132939.7569
1619198439	132880.7615
1689981508	132748.5686
1750368312	132691.0033
1679523005	132373.4463
1861434896	132269.3955
1992792253	132181.6278
1962518977	131517.028
1548286180	131506.0565
1427097351	131363.0438
1114169265	130863.2571
1972547990	130775.5724
1316954134	130736.1364
1063438034	130638.6908
1457517054	130536.0929
1538100128	130301.0898
1679580039	129948.1296
1477543809	129482.4614
1770561789	129321.8892
1568643211	129223.0136
1730146671	129129.8025
1104817279	129113.8362
1699700872	129017.4157
1720314487	128973.1632
1528083987	128952.206
1245317940	128787.2103
1205092095	128602.0915
1699859470	128496.2739
1417992207	128287.6217
1346297314	127847.1287
1679764096	127559.5732
1346298684	127528.146
1194724872	127456.5289
1629032958	126991.8255
1134203938	126967.6672
1710933544	126959.7094
1275574386	126929.007
1386820413	126391.875
1700922598	126140.1416
1629189501	125951.2019
1508938507	125786.9587
1689627010	125587.3411
1841438967	125533.786
1780788414	125340.5838
1073601266	125043.3962
1215984489	124997.3831
1255665444	124741.7022
1780659524	124661.9547
1912161787	124632.9443
1194970236	124343.68
1366420986	123903.7749
1447313655	123765.3099
1003990870	123740.4254
1679664163	123725.9301
1245211366	123658.5861
1235387697	123651.5081
1972723625	122782.6187
1811910185	122471.1388
1023272960	122122.3427
1073531570	122020.9439
1972591527	121417.1451
1518945484	121363.5591
1972662849	121320.782
1255339792	121161.5629
1528079886	121002.2451
1063518744	120703.8821
1104965599	120664.0412
1942416524	120531.9155
1194850206	120227.9698
1972691962	120143.473
1013923689	120079.0303
1063412062	119752.7306
1215118229	119470.3693
1326064387	119445.8697
1609831528	119415.2902
1629071329	119412.6167
1508841883	119404.8059
1255420451	119240.909
1871585216	118569.9983
1811999717	118443.7685
1457319337	118157.1466
1598894891	118040.3613
1851394548	117874.1758
1992975619	117790.3326
1962486274	117664.4293
1144230756	116913.8716
1821038274	116772.5337
1154339729	116617.0578
1811063761	116517.1813
1245369685	116256.6779
1699828061	116002.5094
1417971797	115803.0344
1245385699	115726.8917
1639285810	115608.9482
1801056114	115090.0343
1639182355	115009.3112
1114094646	114926.5709
1366648412	114695.8465
1689603110	114560.4684
1871609354	114513.8835
1417103623	114348.3667
1194872994	114331.2186
1316921695	114108.1094
1881610319	113482.4949
1720063530	113479.6214
1649263179	113463.8315
1578513602	113383.9539
1730167339	113270.7143
1821056581	113270.0076
1316058928	113178.3658
1841302346	113011.8301
1427099365	112806.1043
1740358126	112644.5151
1710052436	112450.1391
1598717993	112436.2682
1740410752	112188.076
1336190040	112022.434
1760566954	111655.6847
1962426239	111634.3389
1760402580	111573.8508
1407021009	111544.6956
1164681144	111460.51
1134375488	111411.0518
1114988417	111302.2078
1598840480	111197.9642
1770560757	110966.7252
1518021245	110956.881
1750326450	110925.4079
1881687390	110860.9733
1831201235	110604.2407
1629079488	110524.141
1225097819	110513.1838
1083723159	110124.8487
1821137142	109806.4931
1720046774	109706.6687
1972556264	109450.2964
1255483897	109375.3492
1033121165	109114.2192
1497084842	108622.6364
1629186846	108579.9473
1386618429	108513.959
1831271709	108273.1714
1972769180	108243.888
1134301773	108236.6801
1811144678	108136.0458
1568557353	107710.1468
1952302465	107629.0448
1972672715	107459.2781
1396856019	107407.8537
1508022005	107327.669
1184603961	107128.3221
1740201664	107044.6203
1013019728	107015.3778
1235152026	106912.4167
1467518118	106831.1262
1669419412	106811.116
1407896830	105624.0383
1518926021	105596.2899
1740351048	105562.0141
1609961218	105479.4237
1932277324	105395.9996
1649502741	104924.8339
1083630370	104646.4565
1093869141	104501.4622
1740517408	104170.5894
1295750883	104075.0172
1538325998	104050.1605
1194985986	104009.8342
1245541770	103968.5446
1154370385	103822.6476
1861431827	103582.5825
1801875083	103566.3892
1740486398	103565.0756
1821023243	103505.6595
1780673897	103369.2343
1346212503	103287.7609
1215912399	103225.1587
1366554867	102902.2536
1053590430	102693.4172
1043262207	102477.5312
1356503379	102416.3937
1720298169	102381.2165
1811971559	102349.9353
1992757850	102180.8651
1912158882	102110.8736
1871515700	101980.8862
1760423461	101934.9003
1558679142	101922.0538
1003831751	101675.4016
1497854038	101610.5896
1659486348	101540.9293
1982809356	101180.2011
1124042080	101138.5085
1316031396	100969.0042
1184668618	100855.8953
1447350830	100683.3151
1508850439	100412.0653
1114920824	99996.7667
1912218272	99914.7177
1770788317	99808.3745
1730186842	99775.3097
1134141039	99716.7731
1487715264	99338.7204
1164480505	99243.2866
1730298886	99131.0016
1629242094	99001.6128
1093706319	98913.1435
1831296474	98893.3582
1104805761	98719.8507
1033439815	98636.788
1306885504	98622.8544
1861694259	98572.5318
1982799979	98566.381
1215125927	98144.6837
1316059181	97872.9073
1891769303	97731.9032
1306854799	97592.2163
1396901062	97533.8094
1841224672	97264.3556
1831144476	96981.6159
1578552246	96842.8873
1952427700	96783.6801
1770512659	96633.1249
1093789125	96364.7449
1225340359	96348.6152
1881676625	96163.325
1437315173	95903.5806
1700966413	95850.8014
1548329048	95719.1094
1962569509	95599.7086
1780676668	95174.9541
1366481426	95157.9811
1932107430	95132.417
1851302939	95047.2738
1316944341	95000.7034
1184763542	94996.5618
1326202276	94964.9645
1568437655	94783.0926
1770640880	94699.9972
1639394836	94692.4597
1124145172	94523.657
1194743781	94392.4325
1811013857	93511.418
1639107667	93496.7305
1366466898	93402.8085
1285763607	93283.1186
1912971227	93100.1464
1083629851	92898.1033
1972501039	92877.899
1699871293	92769.2111
1740483262	92655.54
1497763130	92623.7796
1881769735	92532.8528
1942312558	92396.6439
1801996368	92395.1042
1942282314	92323.5724
1669436747	92281.6099
1811028566	92036.6963
1508831470	92032.8846
1356396923	91937.7918
1770543043	91779.9369
1073702361	91777.4657
1164493854	91573.8843
1487713038	91502.9194
1861630907	91393.4585
1497709968	91288.6261
1770570368	91134.8355
1740215177	91102.0826
1639161524	91017.5243
1427197656	90978.8766
1952365116	90967.545
1053346221	90937.7515
1588760557	90558.7876
1023102951	90542.1136
1497884027	90130.7965
1760477889	90060.8631
1336141746	90051.9315
1194874248	89821.992
1497843460	89670.2798
1598741050	89274.9946
1548269228	89225.3818
1205875507	89103.6562
1508961350	88684.8753
1467462796	88285.8581
1023289444	88149.4997
1790724060	88040.3682
1235216326	88037.0358
1730337106	87884.8648
1861445256	87874.3051
1497911333	87799.7792
1609024850	87388.52
1710945126	87244.3614
1811174691	86797.8966
1194753566	86721.6758
1487671327	86369.1898
1164548848	86053.2612
1427041946	86005.5673
1508933573	85961.4314
1932268422	85918.743
1831201433	85831.5158
1265427546	85773.0236
1033163449	85730.8446
1366501132	85540.7137
1548476773	85537.7935
1033367545	85466.2723
1821191958	85377.248
1104834043	84847.565
1821032210	84703.7003
1437339694	84632.0762
1366608960	84293.6679
1336181197	84237.5212
1528205259	84196.7214
1104874791	84136.4033
1104845726	84033.2076
1003927948	83940.4897
1306836663	83912.2939
1770516239	83851.5462
1366500639	83778.066
1619073145	83755.7242
1114902632	83619.3481
1417940917	83603.7258
1083819684	83569.6756
1699855924	83421.4906
1205903275	83404.2418
1992887541	83272.9199
1356324867	83247.2611
1902839111	83241.7247
1184727539	83215.8929
1366546509	83150.2395
1902003973	83079.1335
1104809755	83019.4053
1720086960	82936.3741
1821014721	82877.9385
1144267253	82826.0686
1902967169	82824.819
1548424229	82736.7627
1750398285	82708.5128
1144250838	82597.3606
1780830836	82554.9227
1386800746	82513.9338
1720030752	82495.523
1689849796	82450.1755
1144247958	82442.3578
1861669848	82369.0514
1437310034	82327.9096
1851358972	82322.1399
1578509451	82266.5851
1699708149	82197.1051
1174682637	82055.7056
1447288287	81956.2782
1194845131	81828.5362
1851389266	81639.7758
1437210267	81566.7583
1952411514	81565.239
1831160944	81356.3518
1467436972	81252.8642
1396903928	81167.1491
1316151848	81073.0768
1437231644	81003.6072
1205876893	80955.3892
1073748422	80767.8561
1841309994	80766.2665
1154352227	80757.9959
1508931767	80691.0678
1801900949	80516.3565
1063454056	80368.9849
1528257045	80234.2737
1992893184	80200.9663
1366471898	80077.0294
1801958947	79990.2081
1922299775	79964.6961
1972535102	79792.4915
1295747061	79689.2263
1699775916	79608.6821
1447327606	79572.1996
1578635173	79347.547
1063501906	79181.3928
1225087174	79151.3769
1861551657	79138.1374
1437261096	79138.1304
1700877222	79067.6203
1548214539	79058.546
1932110749	78721.1642
1356309421	78455.4443
1063686053	78282.2641
1003975558	78204.8648
1053518803	77934.3985
1114937562	77874.1998
1750574224	77863.9721
1851527840	77713.0681
1609899913	77639.0698
1245283183	77549.6802
1942341250	77452.2496
1346287521	77371.9224
1003975871	77289.075
1467440479	77257.0015
1003928516	77222.7164
1538381355	77196.0212
1730473273	77193.6193
1396901997	77176.4725
1992012363	77016.31
1336130491	76863.2852
1558343913	76730.8137
1497739932	76293.136
1922261114	76199.3717
1063470029	76173.3773
1629237326	76079.7022
1174512917	76046.25
1730194531	76013.2045
1447246111	75783.4887
1649490657	75705.738
1457447443	75614.0178
1578540985	75547.2224
1306880455	75518.3087
1437168416	75474.5327
1073624375	75452.6736
1952580466	75429.1762
1619079688	75301.6191
1487640660	74923.529
1437165594	74896.1844
1720050016	74859.7316
1982620662	74669.1698
1912169822	74262.5983
1740380930	74231.9548
1154587921	74067.0898
1952367054	73807.1632
1588774616	73708.8155
1720155781	73696.0908
1740448323	73643.744
1316085889	73438.1834
1972504454	73404.0043
1265497069	73253.7697
1982681458	73160.3734
1497856330	73146.7729
1659529089	72975.8218
1326024357	72971.935
1629061114	72966.1976
1891786372	72876.5288
1033180245	72797.0239
1528015104	72716.8573
1093748758	72467.2818
1114928835	72452.7535
1467461921	72446.6903
1538198833	72396.7399
1922178391	72374.9735
1952569758	72292.9861
1740459874	72193.9801
1760645279	72125.8201
1982806618	72042.5136
1194739862	71895.4674
1215043674	71661.9196
1750536736	71509.4251
1326292228	71380.3167
1467478701	71218.7362
1457319808	71180.6245
1538282256	71168.8666
1528005634	71085.0628
1407895121	71034.7794
1710073689	71013.7231
1437105178	70934.4039
1750315586	70923.5369
1194782037	70797.8926
1033116066	70596.7165
1053395517	70553.685
1154302685	70513.8351
1518078880	70484.1403
1538359898	70202.0828
1427032036	70190.7162
1427133032	70182.0059
1760622740	70063.5643
1528200201	70044.9887
1326159617	70040.881
1780662460	70022.4908
1578603668	69992.188
1629037064	69925.4053
1770518946	69919.8667
1447272885	69867.1669
1073533857	69802.1948
1023259553	69728.7251
1942484902	69494.1666
1619952199	69240.833
1114064672	69212.6995
1245275635	69104.1946
1093828212	68903.4786
1942274089	68796.7757
1790896066	68780.6051
1083651004	68735.9403
1316977556	68684.7705
1366460933	68537.3889
1669649257	68326.0134
1205829785	68225.8895
1710076237	68184.2417
1043485030	68070.0307
1164582532	67980.7909
1063591808	67895.0311
1578552915	67890.6612
1689798696	67790.8872
1982774626	67686.0837
1992717029	67680.5274
1104855253	67540.1799
1104803030	67440.2604
1295794345	67380.9497
1073602660	67353.3337
1558563817	67055.7787
1417973470	67032.4496
1871671248	66967.3367
1427232412	66957.303
1275781155	66867.5764
1407906696	66819.2609
1063619849	66610.9132
1730126004	66530.4787
1649464488	66373.002
1780628503	66172.9946
1487653838	66089.4043
1912032780	66088.4331
1477592665	65982.3716
1396853230	65966.9697
1730127739	65861.6037
1821064585	65807.7291
1740480771	65549.0536
1932353521	65394.9072
1033275615	65141.7048
1619079282	65106.8748
1134207335	65105.842
1285670273	65024.7653
1033300090	64987.5382
1093909962	64910.4623
1457326332	64881.308
1467559005	64803.9993
1144549718	64777.357
1730308396	64763.2702
1396769147	64668.1454
1881620862	64645.5864
1144267626	64534.5258
1396784591	64479.3057
1003886862	64345.9215
1962504597	64243.3555
1942203500	64202.6289
1558467720	64025.0645
1326014812	63999.8483
1215042528	63995.7089
1043400401	63957.432
1104849991	63887.6075
1689787194	63884.8523
1174713648	63668.4357
1558429696	63650.317
1396921342	63622.6901
1497741953	63538.0814
1982672549	63482.408
1023347135	63434.0068
1578712238	63216.943
1750479804	62951.0576
1497843494	62880.1437
1275716607	62832.8996
1659573376	62743.0407
1558348375	62738.84
1184699076	62692.1931
1649263153	62673.9164
1336305119	62673.3085
1982857926	62615.6189
1467617845	62531.7481
1649426610	62487.0914
1710936935	62356.1747
1114945276	62054.6779
1730196833	61980.1797
1588863245	61963.062
1265532428	61945.7562
1164552055	61943.1005
1477664506	61874.3841
1437305190	61851.754
1942368238	61795.1101
1205924230	61768.7544
1043434160	61751.9165
1073599775	61508.8892
1871770834	61357.6534
1366561458	61332.7382
1588605745	61300.2272
1992778534	61231.5475
1891860003	61186.6268
1811985054	61063.7253
1225109044	61050.8007
1568657823	60966.9932
1023089133	60855.0724
1083797864	60811.4995
1376526954	60758.8598
1609846351	60461.4757
1386667939	60352.8463
1447452917	60351.9948
1508833575	60279.939
1023129301	60223.2787
1346373966	60191.6524
1962497925	60102.0594
1083716476	60033.3761
1740341593	59981.0435
1659552800	59851.4705
1730365586	59835.321
1245296284	59765.008
1942212311	59651.7436
1326094194	59611.6772
1962480541	59524.0486
1053409706	59508.2872
1205931243	59487.6218
1306025283	59403.6213
1710182670	59232.8529
1710917646	59232.6874
1568684884	59125.523
1164432530	59041.3172
1497713325	59005.841
1518945146	58972.7922
1205046182	58805.9393
1639104052	58800.9445
1265426381	58714.2294
1396925715	58674.8241
1255306387	58666.4375
1871519124	58651.0062
1962412940	58579.314
1902978257	58571.1906
1427296557	58539.7992
1972590628	58536.1835
1316986920	58352.8353
1215032826	58227.8173
1225058795	58216.7443
1568498939	58176.0715
1154374171	58031.3253
1962456442	57972.6282
1730121526	57962.083
1588684542	57906.1363
1235385295	57899.4967
1629003058	57888.0767
1710143904	57834.4807
1598067522	57779.85
1578598157	57703.9533
1053341487	57553.564
1336132851	57440.0351
1134105232	57414.1842
1023114501	57412.1378
1588721419	57378.682
1568662419	57317.0181
1336107499	57315.6351
1689648578	57210.0138
1073778643	57125.4629
1215128079	57095.9984
1942242979	57051.1634
1023120599	57035.5589
1790993806	56978.434
1720092463	56958.0001
1528126893	56592.5704
1689662892	56588.6555
1164455507	56577.063
1851304117	56474.781
1972523892	56446.7759
1548248438	56236.2452
1871547349	56230.36
1750476297	56205.2082
1336304773	56195.3475
1215912316	56097.232
1144294463	55991.7801
1871505669	55896.3778
1972762979	55879.8179
1639332182	55792.8482
1659608313	55741.1274
1538236591	55668.0673
1528133907	55666.6948
1598710014	55655.834
1134305402	55580.6191
1114991163	55287.7376
1730375627	55283.5746
1336189869	55115.8522
1619017803	55115.5604
1649469297	55102.3082
1548228711	55075.1658
1841454535	55015.9982
1598707481	54991.8758
1700953759	54987.5076
1972617074	54727.962
1811933195	54512.6275
1922214725	54432.8972
1194981514	54335.757
1528172236	54275.8707
1265453997	54217.9945
1871543694	54208.998
1093719569	54091.8737
1790724540	54090.0016
1821072372	54087.5659
1235162413	54002.578
1760593594	53966.1066
1992989933	53957.9505
1346238177	53944.9267
1184706756	53909.1461
1821021007	53896.009
1659473650	53889.2871
1801884101	53818.8119
1912055112	53786.7586
1750345302	53708.7609
1578627964	53666.8483
1093873366	53561.8861
1346340650	53530.0151
1619904992	53496.1072
1376560102	53427.2436
1811934177	53409.4254
1619921541	53405.1093
1871522300	53387.2422
1932276326	53376.1891
1215098702	53359.9292
1558316554	53319.3352
1255505608	53287.957
1528056918	53146.418
1649244765	53138.4058
1649307315	53127.4243
1295991685	52998.089
1205818085	52985.596
1962644922	52934.0518
1558420323	52805.0728
1306975719	52641.5772
1922034909	52635.4848
1275699811	52530.9268
1891728010	52455.7213
1114039757	52368.2388
1831356583	52366.2753
1770757486	52326.8185
1811056682	52199.8985
1649365529	52170.7865
1760425797	52120.9897
1700896065	52023.3948
1083666432	51978.0626
1053433524	51971.385
1104885466	51854.5828
1235241837	51820.9614
1992740286	51800.4183
1841239902	51790.079
1912918376	51673.7238
1619960184	51672.2295
1245282045	51543.2435
1447367479	51442.3503
1396756763	51367.5244
1639335060	51303.2955
1780658815	51234.612
1588818777	51150.0023
1568471860	51125.2084
1376605964	51083.7685
1396908695	51062.5113
1194046417	50990.3956
1053584227	50987.4697
1124069513	50960.2704
1316100902	50829.7271
1780675553	50746.9082
1952325664	50734.7022
1275546830	50699.0733
1982837779	50614.4287
1336300631	50597.2388
1982670477	50529.3186
1285793059	50521.017
1023169349	50465.05
1679629976	50426.5455
1376709063	50405.56
1497918940	50355.5146
1982806279	50285.6366
1851384366	50284.7084
1114182961	50236.3086
1588840730	50223.3173
1720011919	50160.3151
1316254139	50002.0012
1801895867	49885.6675
1093759490	49867.4141
1487671202	49766.5336
1689857021	49763.2345
1891701702	49742.268
1881634061	49737.0006
1275799850	49592.6001
1912919440	49556.7983
1205915550	49444.038
1407899198	49382.48
1528137411	49318.6394
1861409971	49300.4389
1912011875	49211.0414
1902873573	49151.9862
1942383872	49141.7483
1659649770	49124.28
1033195136	49077.4087
1144236613	49066.4762
1720163066	49043.487
1003827411	49040.9322
1467678896	48997.2147
1396813069	48908.7996
1679625289	48889.1869
1295907301	48748.5605
1457654113	48720.4441
1295838779	48674.2446
1649439076	48644.4504
1902835697	48508.8958
1255329546	48487.5196
1871773291	48401.4262
1962613182	48334.5049
1376790071	48314.0516
1487689634	48144.8349
1912940552	48096.6214
1821225533	48087.8991
1194920884	48066.2264
1487810792	47848.0302
1407042773	47822.4325
1649254939	47816.3793
1639148372	47812.7106
1477550887	47763.7418
1487818415	47748.2748
1568597441	47747.3827
1154497857	47704.4804
1841396355	47467.313
1578581633	47465.378
1790777373	47442.2992
1376582866	47341.672
1598791949	47303.2798
1538335385	47183.106
1811097322	47087.8606
1598739633	46982.3057
1477780328	46795.9341
1952550667	46693.8564
1154525707	46625.3619
1235105776	46587.2823
1912010125	46566.7546
1518114594	46557.9916
1588674873	46419.4865
1942231030	46387.6114
1235149600	46302.0728
1275564940	46283.5041
1427078872	46271.1357
1346260817	46232.3074
1275729436	46184.9898
1952529919	46178.3558
1164451993	46177.2575
1568521326	46163.7587
1346231651	46144.5105
1871514562	46134.3747
1063618460	46098.9498
1396703070	46032.4916
1134345275	45957.6472
1689811325	45951.7874
1730291212	45814.8606
1336115294	45753.0295
1750313177	45737.6519
1295782431	45720.3683
1194983981	45675.5748
1295771186	45670.5915
1629065263	45652.0331
1124134580	45527.6896
1174508246	45460.124
1568488310	45391.9398
1972531168	45357.2738
1528170123	45274.7659
1396814802	45225.8819
1912981242	45142.063
1902008196	45017.4262
1891782447	45016.3959
1699761783	45008.6244
1952330243	44995.7572
1316911217	44992.9663
1699706523	44961.0186
1710912142	44923.8271
1487693610	44920.7999
1215190764	44852.4446
1720244502	44738.3679
1912108846	44669.5397
1881624294	44622.25
1922091420	44572.1499
1467405472	44509.6434
1194059600	44490.5646
1790732048	44402.4014
1154309755	44359.1339
1962591404	44354.3741
1558517789	44289.0199
1447472782	44271.3136
1053340695	44265.2426
1730490053	44216.1597
1245288810	44165.21
1396720744	44146.1266
1053627570	44105.008
1194737452	44099.7852
1659483600	44094.3157
1760596464	44085.4279
1649295049	43978.3668
1215076468	43957.6212
1467487884	43868.1763
1003045071	43848.63
1225042229	43833.5087
1538332564	43764.1512
1558673228	43739.6267
1336208826	43670.3032
1487818175	43481.2683
1023153525	43379.6916
1184634289	43219.8249
1083869036	43186.632
1770544629	43170.7852
1225367147	43112.0852
1851325203	43048.4539
1215973599	43015.5971
1215160320	42970.3967
1023264371	42914.902
1578622338	42877.2564
1528031333	42774.2728
1487850996	42695.397
1295827434	42637.2607
1538228044	42601.8822
1427111764	42598.4367
1255592176	42540.0154
1508870809	42513.9777
1831258391	42495.7086
1790093680	42472.5556
1073788121	42348.5934
1083842868	42292.5256
1982721643	42233.1838
1609029511	42177.5948
1386703130	42124.94
1285644591	42120.2652
1962513242	42079.9799
1689662942	41983.2142
1396975009	41950.1168
1245321900	41842.8697
1841210903	41832.8602
1417094970	41826.645
1780639930	41711.1248
1851449060	41674.2854
1417067778	41649.5935
1871881714	41426.9492
1679881221	41370.4087
1033225222	41265.2412
1215994264	41184.6198
1356521314	41170.5224
1326200536	41130.2086
1912927146	41122.785
1194709477	41025.6477
1942294251	40921.6889
1265591036	40871.6444
1285734665	40860.9377
1659430429	40807.8782
1356527774	40773.969
1093758047	40770.0862
1154347045	40768.5898
1992730436	40762.3894
1790717460	40687.6552
1497913651	40676.2184
1265677454	40599.4382
1992711808	40579.8454
1558474684	40576.9048
1003982877	40560.4036
1295982916	40539.8203
1831100296	40343.0138
1952624868	40236.8451
1184712887	40216.8361
1740490051	40167.5867
1003184128	40155.0356
1245247634	40122.2109
1750364212	40078.2141
1073571584	39956.6112
1700988706	39877.5452
1912934407	39812.262
1003831744	39811.7582
1033144258	39717.3459
1326067075	39664.7172
1659335065	39609.0832
1326066465	39580.7926
1073527578	39509.9913
1457344970	39450.7205
1841229408	39398.4038
1093748881	39329.4221
1093978033	39299.749
1700042041	39233.0053
1063504579	39060.0868
1346467941	39034.1529
1710089776	39022.3577
1063668192	38993.5316
1811913395	38893.8899
1033346838	38881.90
1487638763	38694.6581
1700938420	38624.0715
1568608198	38531.9402
1942316229	38523.8896
1326031832	38519.0239
1639138217	38445.7205
1063459741	38412.5432
1780622183	38341.2081
1437295482	38287.1343
1821104373	38267.0386
1164451696	38237.1812
1013081959	38209.5424
1295734895	38187.7318
1447336136	38090.0454
1063447837	38032.7267
1457528135	37812.4867
1194038851	37656.5761
1730119066	37645.8605
1407853435	37641.8698
1316085897	37579.0094
1366472433	37560.6761
1417968728	37528.092
1225080625	37508.1011
1487896940	37501.169
1811005630	37301.0609
1417981812	37270.0045
1376799163	37207.2566
1508028325	37164.1544
1942211222	37064.7562
1871652420	37062.5477
1770591364	37060.5821
1649386335	36791.1893
1508961129	36787.0685
1194790204	36776.2972
1770553901	36767.0785
1134102346	36756.981
1518974617	36667.3723
1215093869	36560.2255
1508915539	36505.5789
1467512855	36503.5842
1124067863	36457.1282
1154360873	36412.5146
1417103300	36333.767
1104072362	36309.0696
1700176088	36186.4293
1689785966	36151.5346
1114182003	36001.5844
1831164888	35948.2551
1093978512	35932.9232
1801852926	35863.0929
1740273259	35849.595
1508899436	35828.796
1750587267	35765.12
1811938905	35614.6893
1174555361	35498.2697
1336213297	35494.3005
1679523716	35473.6945
1184808818	35407.8847
1396907135	35366.6359
1508021486	35340.6667
1437218229	35296.7012
1871686576	35283.469
1578562781	35283.0281
1689806838	35281.99
1417977851	35266.6641
1407081508	35252.1184
1396728978	35203.0824
1902818024	35139.2733
1083924724	35124.7089
1194764209	35092.3264
1518062538	35000.7281
1083637433	34999.6245
1093754970	34976.1945
1134152739	34959.2946
1174780035	34946.2631
1689619314	34935.2544
1447252457	34893.8471
1801034830	34884.48
1114947926	34868.5032
1811930654	34842.0741
1265477822	34830.4218
1962636381	34730.5086
1407944283	34520.1099
1538198049	34496.0473
1003841255	34372.0424
1720218340	34355.19
1881858165	34287.693
1093980864	34017.68
1922011154	34002.6061
1518141720	33973.4375
1235333477	33966.7663
1235147323	33907.4288
1699009043	33779.0204
1629242730	33733.7669
1457410250	33717.3361
1770793143	33716.6955
1568605038	33697.4035
1952689713	33594.1554
1639391618	33594.0675
1114131752	33467.1479
1811066301	33455.76
1346295763	33434.3824
1083770648	33416.9692
1366504326	33347.7259
1598831166	33336.3583
1275716557	33333.4072
1114012663	33333.0218
1740284504	33317.1997
1336374792	33111.7297
1962668426	33087.5726
1073779740	33086.1354
1427035500	33063.9514
1780607721	33061.6643
1700807401	33036.3394
1104985977	32888.5715
1346223922	32749.8081
1053544858	32698.3558
1699783977	32688.9982
1346301173	32648.7277
1427011709	32620.6855
1922171750	32614.7906
1588952907	32577.76
1780790527	32519.00
1609800697	32510.8254
1821023078	32475.1913
1730364522	32398.8289
1285669457	32365.5878
1114910692	32267.9129
1497921761	32240.7235
1568447647	32171.0547
1447418686	32144.0811
1750398855	32061.9614
1437184082	32044.6337
1568672152	31999.2676
1417903212	31967.6574
1437382959	31932.0789
1023174943	31697.1937
1679879464	31661.7416
1356462691	31630.0488
1023270535	31606.1231
1750363222	31544.8802
1811923709	31544.6544
1124029897	31454.9552
1275642167	31368.4177
1992968457	31269.1453
1245287317	31193.5337
1497835219	31175.281
1548212020	31121.1664
1780609875	31112.7067
1558405647	31083.6522
1538105911	31083.0861
1932172889	30952.4471
1386821924	30931.1364
1114133717	30899.7611
1457410417	30827.5506
1134223852	30798.018
1467554089	30793.6897
1700814332	30705.0082
1881753812	30698.1759
1366461188	30529.6458
1154373876	30463.8924
1750305330	30375.6254
1952453995	30369.4237
1477789998	30278.0839
1558475657	30251.705
1508870270	30131.3734
1174551170	30128.4187
1790006971	30071.3834
1710116801	30058.9197
1366504649	30017.4643
1124206156	29936.8566
1760437263	29903.4338
1609879279	29764.5299
1689694853	29744.0663
1518991900	29627.8562
1528052735	29612.0711
1285740209	29558.7045
1639238405	29498.4789
1316910250	29390.5798
1447416821	29380.082
1205921319	29372.8408
1326248444	29353.8968
1356374383	29350.0548
1639481393	29345.9255
1437136785	29345.8347
1417069659	29339.2517
1033309661	29200.2026
1265669436	29162.5969
1417185778	29136.7175
1477786598	29081.78
1356385389	29077.369
1063660488	28968.5501
1336206150	28852.7574
1841452869	28846.6949
1578726923	28652.4476
1942236393	28618.49
1144485046	28572.2302
1356374656	28496.7371
1518278977	28440.3133
1043338601	28431.0903
1043205248	28427.2516
1134287204	28368.2602
1861486250	28364.7493
1558667170	28305.3026
1598776049	28302.5072
1720074701	28294.4653
1013981463	28273.8523
1669447272	28272.8998
1093782666	28211.7779
1871570960	28198.2384
1568402683	28160.494
1881634707	28119.9513
1548294184	28094.8968
1609859289	28079.111
1750505608	28047.9554
1336374297	28036.176
1750352753	27951.1182
1467452607	27867.0974
1740212398	27772.7931
1023104015	27735.349
1144478231	27715.2622
1417016205	27703.5755
1164582680	27696.384
1487693628	27634.7851
1639328792	27609.451
1770680431	27600.7022
1881627446	27593.3452
1396905279	27486.3309
1124078365	27424.5894
1598768152	27419.6739
1629287776	27399.154
1457476186	27360.3546
1568437754	27295.1689
1316984305	27250.10
1710980339	27222.3004
1639311699	27215.6683
1962689117	27183.7026
1326270745	27159.4749
1255350849	27083.0613
1861646770	27046.5557
1396785291	26987.11
1760437172	26912.8044
1003099953	26908.7404
1467531384	26786.3322
1851450811	26730.3472
1225292998	26692.28
1033347166	26547.74
1801034020	26456.5068
1942293451	26416.7765
1538199088	26352.6054
1659652253	26206.648
1285748780	25976.2092
1972550770	25944.8819
1154392645	25842.4309
1386931806	25714.4518
1023062551	25624.4371
1124228622	25547.2268
1700048022	25543.23
1215988126	25539.8119
1366581639	25437.386
1174552608	25390.4751
1023291945	25388.4788
1912136979	25356.8244
1851485312	25344.3342
1023232253	25296.8038
1588741805	25266.7948
1972564748	25249.0205
1881609675	25214.7188
1396973103	25211.266
1932473824	25197.7174
1619144045	25135.1667
1366403768	25008.23
1730143728	24991.8858
1306095963	24911.4709
1952521981	24897.6933
1194799213	24867.3566
1417931510	24863.3657
1104012277	24765.5145
1558335810	24729.3304
1609185818	24725.518
1730194416	24667.327
1700835071	24640.711
1588979645	24613.6101
1124192802	24602.27
1518992783	24511.7059
1760610067	24450.3954
1275833816	24391.8696
1346525235	24365.68
1124338496	24317.81
1629181615	24315.6204
1841258043	24302.6203
1659544252	24203.7382
1518129121	24093.824
1306025010	24083.6131
1265509400	24017.531
1275610917	24004.1186
1447291422	23989.0523
1972643633	23956.4874
1184823494	23953.6485
1821062944	23936.803
1407017809	23902.1294
1225002348	23797.6083
1164443438	23746.2727
1730113929	23733.1948
1013940568	23673.1937
1023001542	23651.3761
1962633438	23520.4055
1477529949	23376.7262
1073622718	23375.9319
1992970800	23287.503
1578523155	23285.94
1043264823	23235.2992
1750693446	23170.1928
1770537482	23168.8619
1902968050	23138.6162
1609996420	23127.2891
1770717423	23085.71
1386840148	23074.0253
1730497470	22948.40
1821034380	22904.5427
1285649012	22814.7834
1124098066	22770.4126
1831227818	22662.1774
1710118278	22647.219
1669430138	22546.1668
1265639595	22540.2034
1518042787	22524.309
1245491257	22498.502
1912921297	22433.0462
1982733507	22407.0184
1700852142	22390.7407
1578729034	22360.2272
1972706299	22312.3441
1720214141	22280.7299
1114108727	22196.3561
1558334003	22136.0368
1063411346	22103.4085
1497919039	22041.2212
1083647978	22021.8938
1144487323	22014.6032
1518029057	21943.9006
1568764272	21926.0084
1164605119	21824.6284
1902845605	21821.0722
1174780159	21807.1623
1346497831	21773.2276
1104892231	21656.437
1205800513	21626.3339
1184786196	21616.7318
1215063870	21598.3194
1962686485	21596.5757
1154563914	21594.64
1528127826	21571.903
1952300907	21491.0924
1477868412	21477.13
1649324898	21461.5052
1265688030	21426.6644
1710900907	21356.8144
1366605800	21283.8983
1437321577	21248.1731
1184853178	21240.91
1346268844	21181.4077
1598879223	21124.3257
1215969308	21086.1082
1609936954	21030.5628
1194751461	21028.7235
1558694216	20933.0403
1689838542	20929.3478
1770718512	20895.42
1588681431	20825.542
1073613378	20731.1104
1982847026	20641.1833
1730129461	20639.0854
1225064686	20596.889
1366488033	20554.1467
1619071966	20536.26
1609039890	20481.9046
1043351745	20472.9611
1356359756	20459.5092
1386806032	20440.5036
1073501615	20390.6381
1851328371	20278.0336
1679506489	20180.098
1184847287	20175.9425
1629140892	20116.3924
1235136268	20085.316
1932132230	19967.4706
1831148808	19923.2711
1083625909	19912.4323
1548215841	19855.4321
1104021039	19775.6278
1609000579	19716.5492
1780973453	19709.4934
1063466738	19706.4497
1831295997	19703.3371
1669499265	19635.4798
1144550088	19569.5223
1174582670	19554.7458
1750523320	19545.9158
1326026139	19537.9028
1477593705	19397.0675
1841386729	19291.4626
1306877329	19124.6402
1205978186	19079.9543
1376591974	19054.5135
1053585539	19022.5431
1326086315	19004.2944
1720234834	18967.736
1902175649	18916.8798
1588758494	18912.6297
1841461233	18840.9419
1912934043	18817.4804
1003918004	18810.6031
1134456742	18788.83
1578545331	18733.4904
1508841982	18657.8142
1427083062	18565.8926
1528010188	18532.7556
1992923742	18421.3023
1235329327	18344.8663
1437161130	18325.1073
1114986650	18272.0676
1871605352	18264.91
1558514109	18255.3268
1760404198	18232.6523
1538208764	18165.433
1639106396	18143.48
1497898589	18126.263
1790995009	18117.8383
1720397698	18011.80
1396703997	17983.0635
1952375073	17973.3803
1285804674	17956.7264
1568490381	17919.8382
1407915978	17898.1183
1992911028	17853.548
1831333855	17790.74
1558306787	17752.7278
1023047016	17742.8968
1528091642	17740.2378
1912211442	17725.1989
1699795302	17691.17
1609009406	17665.53
1568493799	17632.7151
1366616435	17578.4568
1841329489	17567.6827
1477744886	17472.1388
1396978797	17463.5712
1972602845	17431.094
1184880544	17430.2128
1033196688	17386.2207
1386853471	17344.3975
1326270513	17336.4809
1801811831	17288.80
1689961161	17261.9428
1518275718	17226.54
1013965771	17166.2481
1396078176	17143.2158
1962445304	17090.1059
1255561676	17047.7396
1568615995	17015.0404
1053470559	16914.5732
1689612459	16907.1198
1770747743	16879.7739
1407016967	16874.77
1407135411	16741.15
1265409353	16701.0216
1538173992	16686.3784
1891740627	16661.1645
1841247277	16641.82
1932349412	16627.655
1669404240	16584.9289
1508055047	16582.79
1356353460	16576.1875
1255366613	16495.0638
1598712416	16451.1327
1053617290	16438.9539
1144245994	16414.2502
1144332768	16389.7941
1942519533	16367.26
1518173152	16234.605
1356388201	16198.7404
1780847111	16092.0178
1215930128	16080.415
1912130634	16062.57
1578590816	15991.099
1982851432	15966.7442
1508805029	15880.1427
1285749077	15784.5001
1891987764	15780.80
1740212646	15765.3971
1851359939	15716.6348
1598791170	15715.816
1154634145	15613.2315
1679755417	15598.4976
1154496040	15590.8069
1083641146	15491.7277
1255370490	15467.6413
1710151220	15396.96
1851321467	15293.0145
1851476907	15247.2828
1275644551	15231.6823
1700812872	15167.7017
1851511869	15078.4454
1831124585	15062.2948
1194968297	14989.2169
1699844076	14959.7177
1902837537	14875.0252
1578724977	14849.7664
1952369563	14842.0447
1104852722	14789.3399
1124092259	14774.6808
1235375650	14688.1062
1023034188	14641.6509
1407162530	14564.9048
1508867821	14543.725
1639110745	14521.8284
1831322932	14371.72
1386643971	14344.306
1255393559	14113.8751
1235181959	14049.111
1316976624	14024.208
1013952878	13978.6235
1104057389	13919.93
1770739013	13912.9765
1477607414	13844.3154
1740219567	13801.4506
1972617843	13792.9695
1811097298	13774.5141
1558527044	13723.04
1417160359	13702.765
1124046446	13700.3502
1144320037	13659.86
1922045376	13657.5553
1912118209	13628.0339
1245348333	13546.3165
1699941435	13532.5182
1609018803	13474.24
1306930177	13443.466
1851599583	13397.4875
1255384277	13393.248
1568443752	13359.5131
1225346414	13359.2533
1639109960	13247.3303
1033180351	13246.5494
1982624946	13189.8177
1912988783	13163.665
1326280264	13163.1697
1356584312	13153.31
1649205063	13130.4943
1073548194	13121.05
1336194711	13104.3537
1427083641	12973.3574
1972738235	12941.27
1093802712	12885.054
1427205400	12872.0422
1649446345	12836.9374
1598781775	12772.206
1710115076	12723.338
1891725420	12680.5701
1760643167	12654.0396
1982631602	12585.1313
1255528535	12576.52
1275588444	12516.9408
1386875599	12508.82
1063523975	12501.4706
1003045709	12501.24
1790786333	12376.3594
1881838159	12374.4724
1962457119	12352.9455
1801055983	12297.1289
1104082718	12297.0086
1104057843	12287.99
1366485831	12245.0707
1992873244	12135.5925
1962425819	12034.52
1932201571	11947.6812
1891950606	11862.345
1174564199	11839.4314
1235378043	11749.6789
1639296775	11649.739
1275572422	11603.9651
1639140494	11584.8173
1932195146	11524.6778
1225073109	11485.9882
1841446853	11466.9099
1609821974	11395.892
1811019680	11386.2068
1033373329	11366.7176
1801870977	11354.943
1265479422	11354.3182
1750569075	11287.7648
1083773535	11243.5191
1063405546	11240.57
1952334781	11137.2533
1790948180	11127.64
1417901760	11092.4781
1093754590	11023.121
1235265349	10994.3438
1508882341	10979.2262
1912971243	10965.9123
1548233117	10931.4453
1861643769	10929.0824
1306886205	10860.8874
1457508574	10854.2387
1528398682	10821.1744
1306160247	10782.3454
1487987509	10748.964
1952538555	10736.36
1093026940	10681.20
1518946656	10631.029
1225090319	10593.8056
1134382609	10592.2766
1316122468	10589.3253
1396784906	10577.9731
1801886593	10549.728
1578592069	10523.3317
1417122763	10441.2851
1265420434	10403.6826
1558386581	10375.60
1598920308	10332.7115
1619109246	10316.8992
1053343814	10300.9385
1982937165	10242.40
1427255447	10235.1156
1346483013	10201.33
1114081643	10114.5164
1962514984	10064.106
1851587463	10016.0579
1649210493	9999.3425
1538397617	9989.94
1023120094	9951.5133
1326238106	9944.2148
1174637326	9917.7262
1063649002	9875.16
1508900168	9823.2745
1194869842	9808.0032
1578596268	9807.6792
1295709509	9794.7118
1609877810	9791.96
1184805483	9786.3749
1700879434	9728.4222
1477695286	9653.076
1104079177	9651.26
1912947458	9641.2558
1639236706	9636.9734
1508886409	9596.4687
1790868008	9584.5172
1073615076	9565.67
1245487008	9553.76
1265499438	9455.53
1689623803	9451.3548
1346278314	9373.2052
1497715908	9362.8601
1104082445	9323.54
1629004965	9206.0418
1194922203	9175.4445
1457342321	9124.5297
1922277292	9118.5562
1912920265	9090.6465
1619919164	8971.6995
1720196876	8867.8888
1386860534	8792.1688
1598991218	8791.87
1407973183	8748.9713
1750617916	8716.869
1851470793	8708.2875
1386738961	8667.5845
1023046356	8657.2432
1326229923	8612.5618
1255539516	8398.7844
1295799013	8391.6273
1740361112	8376.2156
1336119163	8368.7556
1639100415	8298.4542
1740269539	8172.178
1942474895	8164.365
1073617536	8134.8572
1801052659	8117.0733
1316233505	8100.3292
1477875870	8078.0404
1497083265	8047.2416
1063698819	8009.7948
1487801312	7906.4859
1982867891	7888.178
1851316376	7875.1478
1427004514	7737.0523
1396922357	7735.6328
1396978193	7657.65
1306030192	7604.2972
1093835274	7603.028
1649216540	7582.5633
1487719852	7554.624
1851377048	7452.647
1114035359	7398.9372
1649412370	7368.73
1841274123	7365.536
1023341203	7354.7823
1861433039	7266.4284
1316152911	7265.37
1720190903	7257.7757
1265690697	7250.18
1164580882	7235.3659
1487863049	7221.1794
1023299435	7135.9364
1518993062	7070.2782
1851555601	7024.968
1467520924	7022.5428
1386828341	7007.0728
1033161435	6973.164
1073638011	6939.9647
1689903726	6780.70
1013961861	6769.5564
1669585055	6766.2907
1225114101	6755.7409
1710192349	6754.1278
1194971895	6632.85
1821254483	6495.27
1164681847	6465.3662
1760423552	6409.3466
1275799710	6407.7867
1659532877	6259.05
1598817645	6255.7242
1982860367	6231.885
1770730343	6223.7303
1801101423	6204.66
1134153422	6158.2626
1295749034	6146.9977
1588724918	6129.8864
1841391042	5998.12
1679676522	5983.6947
1467437558	5925.4892
1952553398	5754.30
1689957482	5751.10
1235387325	5736.6092
1447297890	5735.031
1932133766	5705.9365
1154342293	5683.9374
1477517373	5665.1468
1689878134	5624.73
1023020989	5592.1425
1740412246	5490.4821
1215042106	5468.2472
1477546711	5459.0257
1275570194	5410.1096
1457599862	5373.878
1841204245	5325.892
1881614469	5264.029
1992938708	5255.48
1043443997	5254.396
1902867534	5243.097
1568575173	5176.9357
1932336872	5113.598
1417134883	5105.10
1538231212	5093.3056
1093851941	4988.875
1285784868	4960.4652
1679592265	4943.3784
1871503151	4929.3667
1487836078	4923.0444
1245486430	4898.88
1508842840	4898.393
1457384208	4874.8352
1235309352	4872.9869
1740443290	4838.7096
1316183635	4818.9772
1871560060	4810.6871
1780813782	4804.26
1558341677	4797.8241
1932355146	4789.6082
1295763704	4751.6648
1780619452	4750.7238
1184734279	4715.4789
1336313089	4705.2354
1275553661	4637.44
1689821704	4594.91
1881878536	4548.24
1932298890	4545.6588
1356328728	4503.5175
1073539417	4463.0882
1851578488	4457.5452
1821254681	4323.8672
1770616484	4322.3815
1639312556	4219.79
1891905998	4208.4392
1619103280	4202.27
1841520640	4146.35
1720218514	4084.08
1902068208	3969.83
1609895473	3960.0655
1194863803	3871.774
1154342764	3863.3394
1053482877	3812.8161
1659600112	3808.11
1780788968	3789.7959
1801826854	3759.8778
1194863563	3753.0288
1689789547	3741.6767
1760646780	3706.8591
1114258167	3669.95
1245457993	3654.5472
1134450737	3634.9791
1396051819	3625.396
1770757288	3620.6151
1619064151	3588.1498
1235462128	3583.7358
1588705230	3487.3574
1548424385	3469.0472
1316174352	3464.1296
1598879710	3445.8274
1083861017	3439.8292
1245473057	3435.00
1346421591	3434.9228
1124055835	3379.0068
1477752160	3378.368
1003121922	3354.4478
1033379078	3332.8794
1881602092	3308.0175
1063668341	3245.935
1669645222	3167.0365
1649433046	3118.36
1679661821	3039.5867
1003837725	3027.2989
1669622809	2994.839
1437186095	2945.39
1356502272	2920.5285
1306089156	2886.8365
1275763708	2873.5288
1932403656	2842.65
1043453608	2813.3678
1578717146	2748.3679
1366552952	2740.66
1346570587	2733.2485
1942413752	2725.98
1851529119	2714.5088
1659558930	2661.93
1396753505	2636.5262
1952361164	2603.6889
1851382758	2531.6292
1982658373	2496.9984
1215266952	2480.32
1215042320	2478.88
1164609269	2432.4795
1033300074	2422.5392
1427240647	2422.25
1760619969	2404.40
1851388995	2401.1872
1972529055	2395.8198
1114083730	2394.3976
1861468357	2387.3157
1457465098	2376.5474
1841469517	2315.10
1861405078	2293.7976
1962437756	2275.7592
1801022124	2256.2092
1861532228	2215.38
1144476136	2166.3392
1609032986	2084.61
1700865656	2080.108
1710148010	2043.74
1801024153	2042.04
1518032341	2038.1268
1285874362	2037.80
1326201898	2010.06
1700831328	2004.6988
1376528919	1937.97
1043263957	1929.71
1821247693	1881.14
1891922969	1871.87
1346406899	1848.70
1366555740	1809.1185
1093978538	1808.76
1932332731	1766.73
1649294117	1737.5872
1437316882	1691.34
1437489564	1640.65
1013172139	1636.668
1306000393	1579.50
1346420304	1485.68
1326062159	1453.2878
1952475436	1398.60
1750524518	1382.53
1356370837	1381.60
1285792127	1363.008
1215267596	1338.5792
1962571927	1299.60
1902990922	1264.179
1982839650	1208.7493
1306843339	1163.91
1841451903	1139.0193
1386665081	1122.68
1245261684	1039.68
1992902845	1039.68
1679701239	1030.8798
1992785372	1025.5284
1285689737	1024.08
1356355465	990.60
1932362779	990.1881
1225196124	907.3597
1851312979	906.7784
1629177282	894.9484
1831393289	858.52
1245548130	844.08
1386681062	841.54
1841404373	838.60
1407801665	838.599
1326249285	837.4895
1912971235	820.4196
1487636437	817.2592
1174700686	792.48
1558526186	788.32
1265691125	728.689
1093957680	690.88
1902987753	683.52
1942518899	661.44
1003999376	635.5168
1942459292	593.7792
1326164369	432.249
1851496814	431.7995
1568492452	396.24
1194944512	260.679
1013010628	124.68
1467535740	90.50
1912080581	83.8992
1992815088	53.12